date,feature_0,feature_1,feature_2,OT
2020-01-01 00:00:00,0.024835708,1.5422109,-0.81318176,-0.06699938
2020-01-01 01:00:00,0.27061144,1.3473196,-0.927144,-0.67519885
2020-01-01 02:00:00,0.5697695,1.0791682,-1.0248959,-0.41701362
2020-01-01 03:00:00,0.83927053,0.7796105,-0.98776937,-0.29759496
2020-01-01 04:00:00,0.92887884,0.5601231,-0.9772098,-0.14645179
2020-01-01 05:00:00,1.0472248,0.25379056,-0.71077377,-0.35797817
2020-01-01 06:00:00,1.1902812,0.001825577,-0.49877638,-0.6649716
2020-01-01 07:00:00,1.1337771,-0.25669363,-0.26881206,-0.55047584
2020-01-01 08:00:00,0.99000925,-0.434464,0.10817691,-0.56139314
2020-01-01 09:00:00,0.8994643,-0.65261704,0.4397269,-0.12011143
2020-01-01 10:00:00,0.6595996,-0.6305019,0.62589246,0.030055648
2020-01-01 11:00:00,0.43558857,-0.684061,0.9588839,0.39816755
2020-01-01 12:00:00,0.22915998,-0.5148035,1.2094336,0.84837806
2020-01-01 13:00:00,-0.12071874,-0.50926465,1.3969058,0.7872308
2020-01-01 14:00:00,-0.33610588,-0.18468694,1.6146148,0.7844405
2020-01-01 15:00:00,-0.46905512,-0.011264595,1.6177537,0.8246733
2020-01-01 16:00:00,-0.6348469,0.22809562,1.5896262,0.87545437
2020-01-01 17:00:00,-0.6531334,0.53230685,1.399638,0.39376166
2020-01-01 18:00:00,-0.7334763,0.83192426,1.3550278,-0.02798382
2020-01-01 19:00:00,-0.7102073,1.1380237,1.0201716,-0.07587831
2020-01-01 20:00:00,-0.4524566,1.372446,0.79209137,0.07673034
2020-01-01 21:00:00,-0.36463222,1.4932984,0.4735509,-0.0027921875
2020-01-01 22:00:00,-0.12987766,1.6314977,0.1795134,-0.14550525
2020-01-01 23:00:00,0.049159408,1.7784522,-0.30231774,-0.30796707
2020-01-02 00:00:00,0.3639366,1.7214875,-0.7177316,0.020608537
2020-01-02 01:00:00,0.66691405,1.5476935,-0.8513803,-0.019976642
2020-01-02 02:00:00,0.8558297,1.3518621,-1.0127558,0.170608
2020-01-02 03:00:00,1.1495237,1.1237733,-1.2188022,0.28748804
2020-01-02 04:00:00,1.2692862,0.87383276,-1.374987,0.12072563
2020-01-02 05:00:00,1.3936888,0.4914139,-1.4366481,-0.38959712
2020-01-02 06:00:00,1.4206991,0.22109984,-1.31971,-0.6732849
2020-01-02 07:00:00,1.5171309,-0.14756207,-1.2821045,-1.4515268
2020-01-02 08:00:00,1.3311074,-0.31400838,-1.0164939,-1.3691397
2020-01-02 09:00:00,1.1264929,-0.5271821,-0.7673523,-1.2566737
2020-01-02 10:00:00,1.0192536,-0.7517804,-0.45233554,-1.3354067
2020-01-02 11:00:00,0.68108976,-0.74986655,-0.0576912,-0.64950794
2020-01-02 12:00:00,0.49826714,-0.91820645,0.13755496,-0.3407321
2020-01-02 13:00:00,0.13485068,-0.88495785,0.3913633,0.11452402
2020-01-02 14:00:00,-0.07161389,-0.68544364,0.68185335,0.57632184
2020-01-02 15:00:00,-0.20001762,-0.46733227,0.81246454,0.60266584
2020-01-02 16:00:00,-0.33010018,-0.20844837,1.0222073,0.7821846
2020-01-02 17:00:00,-0.45729706,-0.053447053,1.1210117,0.887749
2020-01-02 18:00:00,-0.5053624,0.30351403,1.1226299,0.6830599
2020-01-02 19:00:00,-0.48090065,0.52738774,1.0853219,0.48125222
2020-01-02 20:00:00,-0.4409096,0.7817753,0.8900945,0.38154042
2020-01-02 21:00:00,-0.24579288,1.0598863,0.7728191,0.43558827
2020-01-02 22:00:00,-0.028156525,1.2228577,0.4456226,0.089840434
2020-01-02 23:00:00,0.2857903,1.2233627,0.13175642,0.5073729
2020-01-03 00:00:00,0.50512487,1.4173691,-0.22292264,0.37622002
2020-01-03 01:00:00,0.65411997,1.3796934,-0.54454464,0.35463664
2020-01-03 02:00:00,0.9944906,1.1732893,-0.84509844,0.47141153
2020-01-03 03:00:00,1.1603043,1.0504338,-1.233912,0.058797907
2020-01-03 04:00:00,1.2981362,0.82326794,-1.481351,-0.07386579
2020-01-03 05:00:00,1.4553207,0.5346077,-1.6613249,-0.2966403
2020-01-03 06:00:00,1.5025744,0.18816051,-1.8404092,-0.7840573
2020-01-03 07:00:00,1.4550976,-0.13491699,-1.863775,-0.95567006
2020-01-03 08:00:00,1.2576373,-0.41226187,-1.8168,-1.5604843
2020-01-03 09:00:00,1.1155783,-0.6366132,-1.6421379,-1.7607195
2020-01-03 10:00:00,0.93026257,-0.9105025,-1.4948257,-1.8101777
2020-01-03 11:00:00,0.7104852,-1.1429491,-1.2600913,-1.8996761
2020-01-03 12:00:00,0.36755702,-1.2064497,-0.94261944,-1.352224
2020-01-03 13:00:00,0.11149387,-1.43562,-0.677441,-0.81856513
2020-01-03 14:00:00,-0.1881708,-1.2095913,-0.3245647,-0.23205157
2020-01-03 15:00:00,-0.41273373,-1.2562557,-0.029598853,0.3538755
2020-01-03 16:00:00,-0.48467276,-1.0251799,0.28334132,0.59939104
2020-01-03 17:00:00,-0.5713201,-0.84749526,0.49345648,0.66672873
2020-01-03 18:00:00,-0.6911956,-0.6017708,0.5967393,0.89601326
2020-01-03 19:00:00,-0.61816907,-0.20238973,0.8403901,0.9741232
2020-01-03 20:00:00,-0.56560355,-0.0032315578,0.9716298,0.74461687
2020-01-03 21:00:00,-0.47265673,0.30366138,0.9220506,0.5968363
2020-01-03 22:00:00,-0.23123021,0.5182991,0.8224547,0.60429823
2020-01-03 23:00:00,0.0524271,0.73145163,0.6633405,0.42048737
2020-01-04 00:00:00,0.21587057,0.83850956,0.37197357,0.6458156
2020-01-04 01:00:00,0.53772724,0.82889736,0.0953207,0.4868455
2020-01-04 02:00:00,0.55242324,0.9280155,-0.25960627,0.38140061
2020-01-04 03:00:00,0.9140914,0.765467,-0.57295156,0.019446896
2020-01-04 04:00:00,1.0185153,0.5556501,-0.85034096,-0.024180202
2020-01-04 05:00:00,1.081155,0.395616,-1.1219987,-0.4041492
2020-01-04 06:00:00,1.1166285,0.22839254,-1.4500893,-0.6907151
2020-01-04 07:00:00,0.9602932,-0.099489406,-1.671416,-1.0623513
2020-01-04 08:00:00,0.93036294,-0.4689634,-1.7876116,-1.4301265
2020-01-04 09:00:00,0.7817547,-0.774278,-1.8210715,-1.4342422
2020-01-04 10:00:00,0.61207974,-1.0557433,-1.9076072,-1.5684389
2020-01-04 11:00:00,0.25243112,-1.179395,-1.8557519,-1.5140324
2020-01-04 12:00:00,-0.03958468,-1.4539864,-1.6001059,-1.1301965
2020-01-04 13:00:00,-0.3017525,-1.5765547,-1.4003527,-0.6119194
2020-01-04 14:00:00,-0.49073493,-1.5994573,-1.0791836,-0.15197064
2020-01-04 15:00:00,-0.7457815,-1.6171252,-0.7388804,0.4022396
2020-01-04 16:00:00,-0.9661546,-1.5471152,-0.41269815,1.0859078
2020-01-04 17:00:00,-1.0323282,-1.3823866,0.024590025,1.0923877
2020-01-04 18:00:00,-1.1055065,-1.1582506,0.29222843,1.4346254
2020-01-04 19:00:00,-1.0459931,-0.8961582,0.57918537,1.1581674
2020-01-04 20:00:00,-1.0475856,-0.5714839,0.8323503,1.3001662
2020-01-04 21:00:00,-0.8876994,-0.31076524,0.91755974,0.970208
2020-01-04 22:00:00,-0.7013359,0.0073983464,1.1269007,0.8530751
2020-01-04 23:00:00,-0.5309908,0.22272336,1.0939124,0.5859292
2020-01-05 00:00:00,-0.20117585,0.44256765,1.0758251,0.83049995
2020-01-05 01:00:00,0.039207496,0.49327663,0.859116,0.8054027
2020-01-05 02:00:00,0.25123566,0.7266057,0.6394027,0.7546001
2020-01-05 03:00:00,0.43035138,0.7133286,0.5082502,0.6840628
2020-01-05 04:00:00,0.5145968,0.68781143,0.19730419,0.5399295
2020-01-05 05:00:00,0.6489935,0.36535224,-0.17742391,-0.055627845
2020-01-05 06:00:00,0.67213935,0.4251906,-0.49008542,-0.13669708
2020-01-05 07:00:00,0.60069823,0.07461206,-0.6894188,-0.41878185
2020-01-05 08:00:00,0.51891476,-0.13698594,-1.0712308,-0.82381874
2020-01-05 09:00:00,0.37480593,-0.53600824,-1.1467003,-1.1987704
2020-01-05 10:00:00,0.22884336,-0.7443166,-1.4287163,-1.1414433
2020-01-05 11:00:00,-0.110367924,-1.0995872,-1.4346664,-1.0621384
2020-01-05 12:00:00,-0.37695822,-1.3139126,-1.4882864,-0.51463443
2020-01-05 13:00:00,-0.66375023,-1.3717006,-1.368023,-0.10533915
2020-01-05 14:00:00,-1.0079579,-1.5986314,-1.2759063,0.31053275
2020-01-05 15:00:00,-1.1306846,-1.6289406,-1.038953,0.7091229
2020-01-05 16:00:00,-1.2949066,-1.5723987,-0.7537312,1.1677884
2020-01-05 17:00:00,-1.2836914,-1.493515,-0.48817894,1.2803693
2020-01-05 18:00:00,-1.4589624,-1.3449363,-0.057532195,1.5966824
2020-01-05 19:00:00,-1.4079796,-1.1097661,0.23071234,1.6935564
2020-01-05 20:00:00,-1.3320379,-0.73802674,0.5845786,1.4525275
2020-01-05 21:00:00,-1.2363124,-0.5618875,0.856488,1.3113048
2020-01-05 22:00:00,-0.91946524,-0.23816957,1.0423732,0.90763426
2020-01-05 23:00:00,-0.7029953,0.1082135,1.3654177,0.9248288
2020-01-06 00:00:00,-0.44671234,0.389974,1.6297445,0.92313814
2020-01-06 01:00:00,-0.27672356,0.63173527,1.6055797,0.6821627
2020-01-06 02:00:00,0.0769443,0.7868178,1.5434637,0.86584985
2020-01-06 03:00:00,0.14138812,0.8146232,1.4324011,1.0423928
2020-01-06 04:00:00,0.39800635,0.99839854,1.2773546,1.181932
2020-01-06 05:00:00,0.57704824,0.8305658,1.07432,1.2185116
2020-01-06 06:00:00,0.45173317,0.80310225,0.7125468,1.0111891
2020-01-06 07:00:00,0.4392306,0.5864221,0.5222429,0.46502686
2020-01-06 08:00:00,0.37368608,0.40429345,0.18563063,0.4166435
2020-01-06 09:00:00,0.1863669,0.16890831,-0.12378577,-0.11281673
2020-01-06 10:00:00,-0.07064859,-0.10808759,-0.42192847,-0.47894353
2020-01-06 11:00:00,-0.22772604,-0.38312885,-0.6847931,-0.5939734
2020-01-06 12:00:00,-0.53925914,-0.5886725,-0.83738613,-0.4868931
2020-01-06 13:00:00,-0.7167723,-0.87940794,-0.95881605,-0.45738873
2020-01-06 14:00:00,-1.0224177,-1.0991338,-1.0482503,0.3104398
2020-01-06 15:00:00,-1.1002017,-1.16315,-1.0230443,0.34484538
2020-01-06 16:00:00,-1.369265,-1.2070947,-0.8761162,0.8061667
2020-01-06 17:00:00,-1.43894,-1.3094196,-0.6193544,1.2695254
2020-01-06 18:00:00,-1.4084285,-1.1259235,-0.51287854,0.88647145
2020-01-06 19:00:00,-1.4681368,-0.95935255,-0.23020518,1.1090277
2020-01-06 20:00:00,-1.2862651,-0.7876233,0.177699,1.0474015
2020-01-06 21:00:00,-1.0637017,-0.43458953,0.51262677,0.9554107
2020-01-06 22:00:00,-0.99207354,-0.2093331,0.8549971,0.6229036
2020-01-06 23:00:00,-0.65045625,0.12064613,1.1719087,0.72417367
2020-01-07 00:00:00,-0.3764816,0.41813377,1.4218274,0.6630202
2020-01-07 01:00:00,-0.07962567,0.718007,1.7256398,0.8658296
2020-01-07 02:00:00,0.07308653,0.9140269,1.7222023,0.99464166
2020-01-07 03:00:00,0.28900057,1.0951675,1.8366687,1.0734963
2020-01-07 04:00:00,0.5535161,1.380772,1.8695313,1.4736408
2020-01-07 05:00:00,0.6561214,1.3209285,1.7103289,1.689167
2020-01-07 06:00:00,0.70227975,1.3015144,1.627529,1.6634654
2020-01-07 07:00:00,0.68784815,1.1586127,1.4982446,1.7514933
2020-01-07 08:00:00,0.5518841,1.0832112,1.1426834,1.3612651
2020-01-07 09:00:00,0.45423344,0.8419339,0.8427779,0.7097334
2020-01-07 10:00:00,0.26619363,0.7409849,0.43853176,0.49863762
2020-01-07 11:00:00,-0.00898284,0.43443832,0.14031978,-0.027519463
2020-01-07 12:00:00,-0.12209314,0.066841796,-0.16011505,-0.3999711
2020-01-07 13:00:00,-0.43350342,-0.058159873,-0.4342647,-0.5836301
2020-01-07 14:00:00,-0.74065566,-0.36531213,-0.5803287,-0.33634692
2020-01-07 15:00:00,-0.83782864,-0.6298856,-0.7789573,-0.09103276
2020-01-07 16:00:00,-1.0605371,-0.8802909,-0.95225894,0.07418069
2020-01-07 17:00:00,-1.0543711,-0.7152788,-0.89676255,-0.15146112
2020-01-07 18:00:00,-1.0517107,-0.9012172,-0.8186837,0.17576809
2020-01-07 19:00:00,-1.0982858,-0.8424269,-0.64717585,0.18668468
2020-01-07 20:00:00,-0.8907377,-0.56762683,-0.42000672,-0.041835535
2020-01-07 21:00:00,-0.74079996,-0.2935708,-0.29082358,-0.2582613
2020-01-07 22:00:00,-0.49460202,-0.093231745,0.017175978,-0.21901114
2020-01-07 23:00:00,-0.18100499,0.15377867,0.3142341,0.13376032
2020-01-08 00:00:00,-0.010589406,0.46107042,0.68794346,0.5316169
2020-01-08 01:00:00,0.24151783,0.7791473,1.0299511,0.9017038
2020-01-08 02:00:00,0.49458933,1.0606357,1.3296087,1.2942386
2020-01-08 03:00:00,0.7240085,1.2868379,1.5006857,1.6493998
2020-01-08 04:00:00,0.9384115,1.476958,1.6501281,2.2555194
2020-01-08 05:00:00,1.0776693,1.6045948,1.763004,2.3706763
2020-01-08 06:00:00,1.126835,1.6349927,1.724923,2.7218158
2020-01-08 07:00:00,1.1384445,1.6489484,1.8030705,2.560175
2020-01-08 08:00:00,1.0158131,1.4948632,1.4738989,2.2748506
2020-01-08 09:00:00,0.946693,1.422794,1.3503784,2.0046709
2020-01-08 10:00:00,0.6712177,1.1677711,1.1716024,1.5399466
2020-01-08 11:00:00,0.5965635,0.9060084,0.75693524,1.2471994
2020-01-08 12:00:00,0.25002524,0.6846473,0.40703654,0.5819031
2020-01-08 13:00:00,-0.06623261,0.44795907,0.050712995,0.10130822
2020-01-08 14:00:00,-0.3017246,0.13367166,-0.27752703,-0.28170174
2020-01-08 15:00:00,-0.4151371,-0.25668874,-0.50797296,-0.5472837
2020-01-08 16:00:00,-0.5936985,-0.45245695,-0.94986063,-0.62482995
2020-01-08 17:00:00,-0.63146573,-0.5258015,-0.9659019,-0.6312893
2020-01-08 18:00:00,-0.6627332,-0.72648245,-1.2472036,-0.3719378
2020-01-08 19:00:00,-0.6415536,-0.72144544,-1.2463231,-0.6580986
2020-01-08 20:00:00,-0.56639874,-0.64206254,-1.2327409,-0.5249339
2020-01-08 21:00:00,-0.42740574,-0.6065748,-1.0836425,-0.55735636
2020-01-08 22:00:00,-0.15389982,-0.37788504,-1.0247952,-0.60890555
2020-01-08 23:00:00,0.16489676,-0.22239186,-0.6941052,-0.7562722
2020-01-09 00:00:00,0.40354043,0.07974228,-0.34267083,-0.30223316
2020-01-09 01:00:00,0.600761,0.41252515,-0.20948723,0.21232101
2020-01-09 02:00:00,0.92371845,0.60667014,0.18186882,0.5491764
2020-01-09 03:00:00,1.1516848,0.9827919,0.44544163,1.2073774
2020-01-09 04:00:00,1.2568052,1.2014159,0.7801515,1.7952259
2020-01-09 05:00:00,1.4176397,1.4233422,0.9974595,2.7048497
2020-01-09 06:00:00,1.4553748,1.5393836,1.1449761,2.731188
2020-01-09 07:00:00,1.3690485,1.6592029,1.3136915,2.9822934
2020-01-09 08:00:00,1.3513516,1.5858641,1.4161105,2.991641
2020-01-09 09:00:00,1.2090976,1.4725541,1.2742091,2.6078162
2020-01-09 10:00:00,1.0339589,1.3449464,1.2002323,2.2381425
2020-01-09 11:00:00,0.79650205,1.1500335,0.9084312,1.6350158
2020-01-09 12:00:00,0.4206205,0.86114985,0.67226315,1.0685183
2020-01-09 13:00:00,0.18762293,0.5638987,0.4421118,0.37538385
2020-01-09 14:00:00,0.022227177,0.21477026,0.15854703,0.029980928
2020-01-09 15:00:00,-0.18249138,-0.09201116,-0.24671003,-0.35364822
2020-01-09 16:00:00,-0.33959112,-0.4162725,-0.62494034,-0.39102402
2020-01-09 17:00:00,-0.2715489,-0.50763535,-0.93157977,-0.5848593
2020-01-09 18:00:00,-0.46935546,-0.8535237,-1.276531,-0.5494071
2020-01-09 19:00:00,-0.4073872,-0.95827,-1.4114352,-0.5012433
2020-01-09 20:00:00,-0.3176034,-1.0207255,-1.5584245,-0.8359373
2020-01-09 21:00:00,-0.17555112,-0.92735124,-1.7110453,-0.67186534
2020-01-09 22:00:00,-0.01920805,-0.90206313,-1.718857,-0.80856496
2020-01-09 23:00:00,0.27256265,-0.6743608,-1.6104149,-1.0963578
2020-01-10 00:00:00,0.4509827,-0.564441,-1.5001687,-1.0579015
2020-01-10 01:00:00,0.73211104,-0.26923496,-1.2714951,-1.3538291
2020-01-10 02:00:00,0.95569825,-0.052168302,-0.900877,-0.95595855
2020-01-10 03:00:00,1.1853322,0.37687397,-0.7192097,-0.39472994
2020-01-10 04:00:00,1.4493952,0.47906297,-0.40663275,0.26448774
2020-01-10 05:00:00,1.3330537,0.79382855,-0.10240347,0.6973359
2020-01-10 06:00:00,1.4870174,1.0050317,0.26782733,1.6522347
2020-01-10 07:00:00,1.3295777,1.1309626,0.48661172,1.970244
2020-01-10 08:00:00,1.2776815,1.170265,0.677165,2.0489535
2020-01-10 09:00:00,1.1871665,1.1692079,0.92597264,2.0663195
2020-01-10 10:00:00,0.9185934,1.1000783,1.0085057,1.6253804
2020-01-10 11:00:00,0.6095007,0.94242877,0.90762836,1.1688277
2020-01-10 12:00:00,0.35743055,0.7876001,0.7665173,1.0283716
2020-01-10 13:00:00,0.1564367,0.5891851,0.75847894,0.7907238
2020-01-10 14:00:00,-0.1676924,0.15467381,0.45639274,0.3544628
2020-01-10 15:00:00,-0.34042045,-0.20020968,0.25887838,0.2037338
2020-01-10 16:00:00,-0.5213404,-0.45022056,-0.18922357,-0.23724891
2020-01-10 17:00:00,-0.67003214,-0.61238885,-0.37770867,-0.1605552
2020-01-10 18:00:00,-0.5787179,-1.0414015,-0.81758577,0.028583147
2020-01-10 19:00:00,-0.6349698,-1.1283712,-1.0395489,-0.337254
2020-01-10 20:00:00,-0.6832625,-1.2729297,-1.3609508,-0.15960956
2020-01-10 21:00:00,-0.42939803,-1.4603283,-1.6454517,-0.29300562
2020-01-10 22:00:00,-0.28070933,-1.4057002,-1.7914566,-0.74674636
2020-01-10 23:00:00,0.019826936,-1.2807932,-1.8376446,-0.980578
2020-01-11 00:00:00,0.17971583,-1.2412142,-1.8893214,-1.074595
2020-01-11 01:00:00,0.45543823,-1.0340644,-1.8085157,-1.428431
2020-01-11 02:00:00,0.7103399,-0.8093707,-1.6056089,-1.2461152
2020-01-11 03:00:00,0.9179641,-0.5581623,-1.5802929,-1.691138
2020-01-11 04:00:00,0.9558282,-0.25550884,-1.1610605,-1.0933828
2020-01-11 05:00:00,1.0810603,-0.006776232,-0.9331903,-0.8800014
2020-01-11 06:00:00,1.0899732,0.30870232,-0.6533441,-0.27363497
2020-01-11 07:00:00,1.0286852,0.4797829,-0.33674657,0.117645085
2020-01-11 08:00:00,1.0312992,0.6861397,0.047914542,0.54332614
2020-01-11 09:00:00,0.7858281,0.6873298,0.40237105,0.83648944
2020-01-11 10:00:00,0.47682086,0.80055165,0.6036875,0.63456595
2020-01-11 11:00:00,0.32591775,0.7709534,0.8803797,0.965904
2020-01-11 12:00:00,0.10862781,0.504011,0.8574847,0.7606285
2020-01-11 13:00:00,-0.22336137,0.43315536,0.9785634,0.7163218
2020-01-11 14:00:00,-0.61079353,0.23408125,0.88733715,0.67024887
2020-01-11 15:00:00,-0.7847507,-0.16760696,0.8628023,0.8231643
2020-01-11 16:00:00,-0.874641,-0.3245532,0.714038,0.85050017
2020-01-11 17:00:00,-1.0916951,-0.6913361,0.41462573,0.93353564
2020-01-11 18:00:00,-1.0864894,-1.0362775,0.026170809,0.95260173
2020-01-11 19:00:00,-1.0540136,-1.2596865,-0.1417752,1.1990194
2020-01-11 20:00:00,-1.0571495,-1.4364733,-0.4487279,1.1501862
2020-01-11 21:00:00,-0.8726126,-1.6071415,-0.76121414,0.6224112
2020-01-11 22:00:00,-0.84211385,-1.6607846,-1.0042329,0.4803695
2020-01-11 23:00:00,-0.50735444,-1.7362069,-1.3610604,-0.22397822
2020-01-12 00:00:00,-0.22693028,-1.6098224,-1.4574448,-0.5112033
2020-01-12 01:00:00,-0.03455443,-1.5473117,-1.5470308,-0.8727148
2020-01-12 02:00:00,0.33428055,-1.2795664,-1.7346836,-1.1729743
2020-01-12 03:00:00,0.3722537,-1.0681763,-1.5896819,-1.4938887
2020-01-12 04:00:00,0.56504315,-0.7758338,-1.5129557,-1.4921238
2020-01-12 05:00:00,0.67824274,-0.37792638,-1.3018064,-1.2279686
2020-01-12 06:00:00,0.7630188,-0.088843696,-1.0280093,-0.89782697
2020-01-12 07:00:00,0.57069904,0.1621859,-0.768372,-0.6849519
2020-01-12 08:00:00,0.5868172,0.31424063,-0.44339472,-0.42337182
2020-01-12 09:00:00,0.35679504,0.53771716,-0.05835722,0.13160275
2020-01-12 10:00:00,0.08713863,0.7352776,0.23154281,0.29126093
2020-01-12 11:00:00,-0.09431164,0.7320212,0.55550295,0.26482955
2020-01-12 12:00:00,-0.37820277,0.8176831,0.92831814,0.549383
2020-01-12 13:00:00,-0.6883588,0.6264609,1.067103,0.5033216
2020-01-12 14:00:00,-0.90684927,0.45607546,1.3217317,0.4838477
2020-01-12 15:00:00,-1.1469445,0.21568055,1.4008846,0.6414005
2020-01-12 16:00:00,-1.2905623,-0.018711485,1.3022597,0.93012786
2020-01-12 17:00:00,-1.372067,-0.3143142,1.2873424,1.1515222
2020-01-12 18:00:00,-1.3683636,-0.55938464,1.2402968,1.5542439
2020-01-12 19:00:00,-1.4832678,-0.8234155,0.926559,1.611607
2020-01-12 20:00:00,-1.2219706,-1.1576205,0.695658,1.9880012
2020-01-12 21:00:00,-1.2738029,-1.3865952,0.44897136,1.8662274
2020-01-12 22:00:00,-0.98251563,-1.5550033,0.15328999,1.7355555
2020-01-12 23:00:00,-0.7094961,-1.5127932,-0.21035993,0.784264
2020-01-13 00:00:00,-0.47053435,-1.5947793,-0.52113503,0.1881457
2020-01-13 01:00:00,-0.26070917,-1.5741911,-0.677657,-0.31800285
2020-01-13 02:00:00,-0.0019215256,-1.3032471,-0.86789083,-0.801
2020-01-13 03:00:00,0.18851063,-0.9913774,-1.0479162,-0.90172815
2020-01-13 04:00:00,0.34087527,-0.8587884,-1.1616223,-1.4901798
2020-01-13 05:00:00,0.51168555,-0.52313036,-1.1975096,-1.0904276
2020-01-13 06:00:00,0.52079076,-0.24884853,-1.1115834,-1.0163947
2020-01-13 07:00:00,0.43458,0.05458008,-0.8826632,-0.935989
2020-01-13 08:00:00,0.4153635,0.39995673,-0.6605707,-0.64435583
2020-01-13 09:00:00,0.22858565,0.59877753,-0.33003998,-0.08147512
2020-01-13 10:00:00,0.04920769,0.8357502,-0.047178175,-0.1799998
2020-01-13 11:00:00,-0.19799274,0.98546815,0.18736501,-0.21189888
2020-01-13 12:00:00,-0.5259137,1.0128624,0.6606355,0.12569465
2020-01-13 13:00:00,-0.76678103,1.0989519,0.88824135,-0.07743808
2020-01-13 14:00:00,-0.9374017,0.9707786,1.21577,-0.14851573
2020-01-13 15:00:00,-1.1455,0.8044247,1.4950002,0.020847686
2020-01-13 16:00:00,-1.3294674,0.6738297,1.767224,-0.100799
2020-01-13 17:00:00,-1.4152906,0.3621661,1.935545,0.43578202
2020-01-13 18:00:00,-1.3835412,0.13983473,1.8449298,0.7772452
2020-01-13 19:00:00,-1.4344921,-0.14170296,1.7605624,1.1136252
2020-01-13 20:00:00,-1.2686032,-0.3592094,1.6752535,1.3537234
2020-01-13 21:00:00,-1.1374885,-0.6366436,1.5027581,1.7712201
2020-01-13 22:00:00,-0.92090344,-0.8667237,1.1944482,1.6032206
2020-01-13 23:00:00,-0.60306907,-0.9740856,1.0090468,1.1940639
2020-01-14 00:00:00,-0.34652492,-1.029002,0.61313885,0.9006707
2020-01-14 01:00:00,-0.076361336,-1.0819107,0.30071804,0.56838304
2020-01-14 02:00:00,0.20188801,-1.046511,-0.0061048223,-0.33959737
2020-01-14 03:00:00,0.35775357,-0.9785628,-0.30488744,-0.7111135
2020-01-14 04:00:00,0.56319666,-0.7680783,-0.5254784,-0.90192884
2020-01-14 05:00:00,0.6274388,-0.47901395,-0.78077906,-1.0297965
2020-01-14 06:00:00,0.7076434,-0.2046913,-0.89085585,-1.0682704
2020-01-14 07:00:00,0.6656986,0.12759238,-0.9549616,-0.6606577
2020-01-14 08:00:00,0.59241515,0.45434973,-0.8367592,-0.26808327
2020-01-14 09:00:00,0.4740586,0.7775694,-0.70256245,-0.30747873
2020-01-14 10:00:00,0.21230897,1.0146002,-0.53194076,-0.44683135
2020-01-14 11:00:00,0.1330341,1.2614367,-0.2254747,-0.3148904
2020-01-14 12:00:00,-0.26400274,1.3986923,-0.01876534,-0.4030178
2020-01-14 13:00:00,-0.5162245,1.3855739,0.33430243,-0.3120785
2020-01-14 14:00:00,-0.62150496,1.4522052,0.57616884,-0.35100532
2020-01-14 15:00:00,-0.82939315,1.4327178,0.9330934,-0.43167374
2020-01-14 16:00:00,-0.978917,1.2506472,1.282418,-0.39509168
2020-01-14 17:00:00,-1.060628,1.151605,1.5419357,-0.41016382
2020-01-14 18:00:00,-1.1085728,0.96042395,1.6788236,-0.057066
2020-01-14 19:00:00,-1.1004343,0.6743893,1.8149619,0.24270357
2020-01-14 20:00:00,-0.93343633,0.31710854,1.7912774,0.39079547
2020-01-14 21:00:00,-0.7936171,0.11979899,1.8184599,0.9291527
2020-01-14 22:00:00,-0.48526907,-0.20850949,1.7718284,1.0333601
2020-01-14 23:00:00,-0.2815175,-0.45588243,1.5746423,1.1754428
2020-01-15 00:00:00,-0.03791486,-0.64024794,1.3268286,0.753954
2020-01-15 01:00:00,0.26481536,-0.7315849,1.0108018,0.41805807
2020-01-15 02:00:00,0.5613916,-0.7719314,0.6818043,0.12297449
2020-01-15 03:00:00,0.7382928,-0.70650154,0.30605814,-0.19772911
2020-01-15 04:00:00,0.9028355,-0.5977806,0.034831583,-0.3278842
2020-01-15 05:00:00,1.074476,-0.4310535,-0.2965555,-0.6848397
2020-01-15 06:00:00,1.1269288,-0.17977075,-0.5715637,-0.80261374
2020-01-15 07:00:00,1.0734181,0.12864105,-0.8470733,-0.77870464
2020-01-15 08:00:00,0.9932911,0.41202024,-1.0871419,-0.4006251
2020-01-15 09:00:00,0.8872988,0.59243906,-1.0092094,-0.48538718
2020-01-15 10:00:00,0.6137263,0.8293811,-1.094487,-0.2510807
2020-01-15 11:00:00,0.39186186,1.2646674,-1.0424738,-0.4423826
2020-01-15 12:00:00,0.18449965,1.3649757,-0.82059234,-0.34307036
2020-01-15 13:00:00,-0.032367088,1.5787292,-0.6668996,-0.6114265
2020-01-15 14:00:00,-0.23095462,1.6197636,-0.3350203,-0.7495851
2020-01-15 15:00:00,-0.36381292,1.6026859,-0.0620679,-0.74887127
2020-01-15 16:00:00,-0.5379624,1.6596678,0.25464034,-0.72493005
2020-01-15 17:00:00,-0.67348266,1.539315,0.46524075,-0.58896947
2020-01-15 18:00:00,-0.6856659,1.2782571,0.88832486,-0.180276
2020-01-15 19:00:00,-0.6863586,0.9320859,1.0985571,0.08559624
2020-01-15 20:00:00,-0.5233047,0.7527006,1.2728801,0.4308159
2020-01-15 21:00:00,-0.36441633,0.49898311,1.439864,0.7025326
2020-01-15 22:00:00,-0.11375814,0.10415195,1.4117787,0.6195594
2020-01-15 23:00:00,0.08239527,-0.096385114,1.5106392,0.9197499
2020-01-16 00:00:00,0.42048305,-0.35513592,1.3496537,0.6275468
2020-01-16 01:00:00,0.7413649,-0.5243954,1.1697136,0.32463858
2020-01-16 02:00:00,0.9113014,-0.6846694,0.9309777,-0.07297671
2020-01-16 03:00:00,1.1541845,-0.8068703,0.77796,-0.47688264
2020-01-16 04:00:00,1.3371853,-0.692568,0.36660242,-0.75692296
2020-01-16 05:00:00,1.3915725,-0.6820214,0.12825547,-0.9296408
2020-01-16 06:00:00,1.4653491,-0.5301036,-0.32544687,-0.88815147
2020-01-16 07:00:00,1.4285066,-0.3725998,-0.71926117,-1.2507555
2020-01-16 08:00:00,1.3400261,-0.10105012,-0.9920899,-0.9958793
2020-01-16 09:00:00,1.1440879,0.152205,-1.1279496,-0.7359453
2020-01-16 10:00:00,0.9827119,0.47366005,-1.3888402,-0.55994433
2020-01-16 11:00:00,0.7703919,0.845853,-1.527814,-0.41893306
2020-01-16 12:00:00,0.56374115,0.9437554,-1.534071,-0.6447897
2020-01-16 13:00:00,0.28415772,1.141473,-1.4796106,-0.54408
2020-01-16 14:00:00,0.10581454,1.4494096,-1.3354962,-0.6310612
2020-01-16 15:00:00,-0.24486805,1.4526074,-1.1369987,-1.4308287
2020-01-16 16:00:00,-0.32004747,1.4440734,-0.98806745,-1.4352471
2020-01-16 17:00:00,-0.45333838,1.4693904,-0.7540618,-1.3999227
2020-01-16 18:00:00,-0.38672987,1.2551697,-0.39997172,-1.0454574
2020-01-16 19:00:00,-0.50290036,1.180185,-0.049971238,-0.64944893
2020-01-16 20:00:00,-0.4056096,0.8727604,0.19427946,-0.32939383
2020-01-16 21:00:00,-0.2364103,0.52544665,0.47112203,0.4591219
2020-01-16 22:00:00,-0.107959375,0.34653097,0.7673139,0.69176203
2020-01-16 23:00:00,0.21000645,-0.10675158,0.9196233,0.70022774
2020-01-17 00:00:00,0.45334733,-0.34001812,1.0259297,0.72772235
2020-01-17 01:00:00,0.75315166,-0.630821,1.0123719,0.44214645
2020-01-17 02:00:00,0.9987342,-0.8018381,0.98635024,-0.07011873
2020-01-17 03:00:00,1.276727,-0.94988716,0.8230421,-0.5921343
2020-01-17 04:00:00,1.3828635,-1.1184458,0.7155236,-0.89364094
2020-01-17 05:00:00,1.3992518,-1.1762657,0.46543324,-1.0999362
2020-01-17 06:00:00,1.4094636,-1.0605849,0.018798657,-1.4456652
2020-01-17 07:00:00,1.4364895,-0.9934258,-0.26668686,-1.8536787
2020-01-17 08:00:00,1.2369465,-0.6745958,-0.63699764,-1.5548891
2020-01-17 09:00:00,1.2259718,-0.5364593,-0.928524,-1.4810786
2020-01-17 10:00:00,0.9760314,-0.2973465,-1.2076135,-1.2661326
2020-01-17 11:00:00,0.64160913,0.00911684,-1.5400411,-0.8133343
2020-01-17 12:00:00,0.309219,0.20786875,-1.7200054,-1.1027752
2020-01-17 13:00:00,0.19183044,0.48021573,-1.8614597,-0.85374373
2020-01-17 14:00:00,-0.13522105,0.80382043,-1.8618573,-0.9089918
2020-01-17 15:00:00,-0.28767258,0.87298626,-1.8502059,-0.9555687
2020-01-17 16:00:00,-0.60166043,0.95142597,-1.7930356,-1.5631189
2020-01-17 17:00:00,-0.66574085,1.0573101,-1.5789065,-1.6393266
2020-01-17 18:00:00,-0.6839729,1.0425082,-1.383152,-1.6275074
2020-01-17 19:00:00,-0.6626367,0.8998178,-1.0879899,-1.4762695
2020-01-17 20:00:00,-0.6028286,0.72855794,-0.67584103,-1.1238161
2020-01-17 21:00:00,-0.40589824,0.40046,-0.36196262,-0.5475817
2020-01-17 22:00:00,-0.29932103,0.08527364,-0.16649348,-0.5541877
2020-01-17 23:00:00,-0.028233705,-0.07553794,0.24590626,0.20239377
2020-01-18 00:00:00,0.22703665,-0.48072475,0.5121586,0.30724084
2020-01-18 01:00:00,0.488577,-0.7796635,0.6275757,0.11653406
2020-01-18 02:00:00,0.72235125,-0.9740005,0.8736246,0.23191492
2020-01-18 03:00:00,0.8201242,-1.2406399,0.9833841,-0.29230273
2020-01-18 04:00:00,0.9408173,-1.415219,0.84627885,-0.65192693
2020-01-18 05:00:00,1.1633492,-1.4312025,0.77500707,-0.7486918
2020-01-18 06:00:00,1.1320162,-1.5994864,0.717643,-1.2425829
2020-01-18 07:00:00,1.0256073,-1.4742566,0.46258813,-1.1616096
2020-01-18 08:00:00,1.0222641,-1.4002562,0.20781407,-1.2551243
2020-01-18 09:00:00,0.77304274,-1.2092465,-0.107019156,-0.9836491
2020-01-18 10:00:00,0.6005099,-0.91478074,-0.42676964,-0.9680551
2020-01-18 11:00:00,0.28508055,-0.6982692,-0.8342538,-1.1152865
2020-01-18 12:00:00,0.1072374,-0.4102979,-1.017964,-0.9978602
2020-01-18 13:00:00,-0.1855376,-0.096533455,-1.2774776,-1.0393212
2020-01-18 14:00:00,-0.54559326,0.10095271,-1.5607753,-1.0863851
2020-01-18 15:00:00,-0.7102805,0.31173566,-1.6999578,-1.1751224
2020-01-18 16:00:00,-0.9040377,0.4861138,-1.8489811,-1.3509462
2020-01-18 17:00:00,-0.98620003,0.5630033,-1.7426838,-1.7349752
2020-01-18 18:00:00,-1.1552466,0.8174085,-1.6566643,-1.7987561
2020-01-18 19:00:00,-1.0567628,0.639376,-1.5301479,-1.6542219
2020-01-18 20:00:00,-0.9562018,0.5910004,-1.2456993,-1.3714994
2020-01-18 21:00:00,-0.9558933,0.42878386,-1.0385575,-1.242923
2020-01-18 22:00:00,-0.73753345,0.24122022,-0.6736402,-0.7369918
2020-01-18 23:00:00,-0.5564167,0.0057425112,-0.410198,-0.41741458
2020-01-19 00:00:00,-0.2260922,-0.2810475,-0.013565894,0.10898632
2020-01-19 01:00:00,0.065391846,-0.65261567,0.31117725,0.24034126
2020-01-19 02:00:00,0.32945785,-0.92312026,0.631028,0.19841494
2020-01-19 03:00:00,0.4491455,-1.1658554,0.85271364,0.41242763
2020-01-19 04:00:00,0.6701562,-1.415134,1.0543293,-0.009043433
2020-01-19 05:00:00,0.60438067,-1.488705,1.2204266,0.03687135
2020-01-19 06:00:00,0.607466,-1.6441602,1.1982856,-0.2655745
2020-01-19 07:00:00,0.64139473,-1.6585563,1.1022118,-0.37915632
2020-01-19 08:00:00,0.5495423,-1.613869,1.1569371,-0.026806839
2020-01-19 09:00:00,0.35632867,-1.4679297,0.95730084,0.21773316
2020-01-19 10:00:00,0.03452196,-1.3321955,0.58544356,0.3380607
2020-01-19 11:00:00,-0.12019282,-1.1669356,0.40385473,0.45453137
2020-01-19 12:00:00,-0.45169923,-0.8035987,0.037848588,0.50535
2020-01-19 13:00:00,-0.6231843,-0.55511403,-0.23759866,0.14561191
2020-01-19 14:00:00,-0.8903295,-0.24359989,-0.5385213,-0.45015794
2020-01-19 15:00:00,-1.1729928,0.10345099,-0.8380257,-0.8830756
2020-01-19 16:00:00,-1.3202515,0.3957666,-1.0927577,-1.4799128
2020-01-19 17:00:00,-1.4564542,0.5475371,-1.2557111,-1.7735807
2020-01-19 18:00:00,-1.4491184,0.71487075,-1.3644807,-2.0346768
2020-01-19 19:00:00,-1.3719399,0.86898893,-1.3810989,-2.2015753
2020-01-19 20:00:00,-1.3762286,0.80728894,-1.2848539,-2.2055726
2020-01-19 21:00:00,-1.1493161,0.86361676,-1.1826718,-1.9411917
2020-01-19 22:00:00,-0.99975926,0.6315352,-0.9081463,-1.5242566
2020-01-19 23:00:00,-0.7768756,0.3252036,-0.60375786,-1.2254996
2020-01-20 00:00:00,-0.48825547,0.2136812,-0.3973925,-0.34838638
2020-01-20 01:00:00,-0.27965632,-0.07388041,-0.017561018,0.041765288
2020-01-20 02:00:00,-0.017517878,-0.31165233,0.34531322,0.20753855
2020-01-20 03:00:00,0.15494677,-0.6215472,0.6860313,0.4364738
2020-01-20 04:00:00,0.47025976,-0.9189051,0.9822368,0.19172698
2020-01-20 05:00:00,0.47264865,-1.1908811,1.288606,0.4987365
2020-01-20 06:00:00,0.46963373,-1.3043016,1.491168,0.52790195
2020-01-20 07:00:00,0.48160446,-1.4359394,1.5520531,0.2646377
2020-01-20 08:00:00,0.3664471,-1.450235,1.7281721,0.48018724
2020-01-20 09:00:00,0.20385219,-1.3450806,1.7206248,0.6306505
2020-01-20 10:00:00,0.04095292,-1.1716814,1.5517254,0.6832171
2020-01-20 11:00:00,-0.1899188,-1.0498134,1.433185,1.005646
2020-01-20 12:00:00,-0.509309,-0.8878358,1.2443554,1.2754039
2020-01-20 13:00:00,-0.76588285,-0.52229357,0.9293587,1.0465803
2020-01-20 14:00:00,-0.986839,-0.1756103,0.6898266,0.706031
2020-01-20 15:00:00,-1.2894346,0.05069577,0.4352748,0.2906793
2020-01-20 16:00:00,-1.4025018,0.38017976,-0.03808914,-0.570339
2020-01-20 17:00:00,-1.3511332,0.66458744,-0.36202335,-1.2215371
2020-01-20 18:00:00,-1.3634961,0.8568478,-0.5330603,-1.7692355
2020-01-20 19:00:00,-1.4156853,1.1027755,-0.7135647,-2.2500765
2020-01-20 20:00:00,-1.2654502,1.1709619,-0.8967718,-2.3857481
2020-01-20 21:00:00,-1.1101364,1.2315468,-0.87416995,-2.0222502
2020-01-20 22:00:00,-0.75439537,1.1257232,-0.9974159,-1.9467764
2020-01-20 23:00:00,-0.6003492,1.0373504,-0.801998,-1.2605603
2020-01-21 00:00:00,-0.3925116,0.9220475,-0.7004625,-0.8907029
2020-01-21 01:00:00,-0.16313384,0.6434089,-0.35408446,-0.5582435
2020-01-21 02:00:00,0.05797175,0.48889753,-0.05928496,-0.41809222
2020-01-21 03:00:00,0.36855656,0.10459771,0.11939757,0.013484802
2020-01-21 04:00:00,0.4929615,-0.14233705,0.4648261,0.27188432
2020-01-21 05:00:00,0.5735194,-0.3669857,0.86917514,0.33876857
2020-01-21 06:00:00,0.66078645,-0.70931506,1.121436,0.28918025
2020-01-21 07:00:00,0.6198083,-0.90099555,1.4162606,0.51484525
2020-01-21 08:00:00,0.67360246,-1.0017338,1.6451577,0.33401433
2020-01-21 09:00:00,0.49006274,-0.90477103,1.7082717,0.34664994
2020-01-21 10:00:00,0.25450137,-0.9642622,1.8899581,0.41311526
2020-01-21 11:00:00,0.104091935,-0.704791,1.8637346,0.72289443
2020-01-21 12:00:00,-0.20815346,-0.68967015,1.8018669,0.96456265
2020-01-21 13:00:00,-0.49689928,-0.42335764,1.7517227,1.1286982
2020-01-21 14:00:00,-0.6015743,-0.08221136,1.4026407,0.8789125
2020-01-21 15:00:00,-0.8403508,0.24264763,1.2368935,0.7162157
2020-01-21 16:00:00,-1.0603054,0.557683,0.8729014,0.35620147
2020-01-21 17:00:00,-1.0998822,0.8194259,0.5405596,-0.29861158
2020-01-21 18:00:00,-1.1500614,1.0887331,0.25733325,-0.9868232
2020-01-21 19:00:00,-1.1230316,1.3033596,-0.08764679,-1.5431057
2020-01-21 20:00:00,-0.88923764,1.49268,-0.36645505,-1.7173853
2020-01-21 21:00:00,-0.6626082,1.539643,-0.58877397,-1.4549699
2020-01-21 22:00:00,-0.6022734,1.5668164,-0.8345458,-1.7417208
2020-01-21 23:00:00,-0.24433619,1.5733125,-0.9582243,-1.2479103
2020-01-22 00:00:00,-0.027492128,1.458694,-1.0146191,-0.9348877
2020-01-22 01:00:00,0.25820836,1.2733865,-0.95614856,-0.6163491
2020-01-22 02:00:00,0.51280534,1.1059661,-0.6468015,-0.2868562
2020-01-22 03:00:00,0.7249595,0.8546826,-0.54362476,0.04865548
2020-01-22 04:00:00,0.94805264,0.5245923,-0.4284551,0.0069620735
2020-01-22 05:00:00,1.0224241,0.3029528,-0.13994218,0.14756913
2020-01-22 06:00:00,1.1298833,-0.10505854,0.26264077,0.01287721
2020-01-22 07:00:00,1.0979334,-0.30317518,0.5852674,0.27372643
2020-01-22 08:00:00,1.0065756,-0.5278228,0.892978,0.07805871
2020-01-22 09:00:00,0.8319981,-0.72422206,1.1306056,0.4075891
2020-01-22 10:00:00,0.65897197,-0.70554566,1.3686616,0.22889002
2020-01-22 11:00:00,0.5016846,-0.7050683,1.5628237,0.5831515
2020-01-22 12:00:00,0.24714772,-0.5479341,1.6516509,0.8031268
2020-01-22 13:00:00,-0.068892494,-0.44830468,1.5602211,0.8259324
2020-01-22 14:00:00,-0.23985338,-0.32773447,1.6042262,1.0075752
2020-01-22 15:00:00,-0.39833137,0.06650449,1.4406236,1.0129583
2020-01-22 16:00:00,-0.6626356,0.31667823,1.2889519,0.4252978
2020-01-22 17:00:00,-0.63663775,0.58056605,1.1664987,0.51551914
2020-01-22 18:00:00,-0.71616626,0.8315774,0.726592,-0.25128683
2020-01-22 19:00:00,-0.6060222,1.0638036,0.3539338,-0.45609662
2020-01-22 20:00:00,-0.558862,1.3226539,0.0656292,-0.5145535
2020-01-22 21:00:00,-0.4385475,1.5713809,-0.29910123,-1.0475223
2020-01-22 22:00:00,-0.20959118,1.7219049,-0.61937195,-1.1080657
2020-01-22 23:00:00,0.12784107,1.7434609,-0.8846593,-0.6489948
2020-01-23 00:00:00,0.40918186,1.6056279,-1.0298072,-0.049309876
2020-01-23 01:00:00,0.6211921,1.4648564,-1.3385624,-0.32965738
2020-01-23 02:00:00,0.95034903,1.3519661,-1.3320676,0.081332795
2020-01-23 03:00:00,1.0527029,1.0243098,-1.3970137,0.19512857
2020-01-23 04:00:00,1.3010541,0.8542753,-1.2403891,0.30777147
2020-01-23 05:00:00,1.3527627,0.53013337,-1.1597743,-0.23632605
2020-01-23 06:00:00,1.4232327,0.20562685,-0.91831595,-0.670033
2020-01-23 07:00:00,1.4319268,-0.14890802,-0.64696777,-0.6032688
2020-01-23 08:00:00,1.2938017,-0.31332955,-0.28532204,-0.5392656
2020-01-23 09:00:00,1.1651907,-0.591217,0.024951601,-0.618033
2020-01-23 10:00:00,1.033481,-0.79115695,0.22625925,-0.7272864
2020-01-23 11:00:00,0.71832734,-0.97721905,0.5787272,-0.25206506
2020-01-23 12:00:00,0.53464854,-0.86333394,0.788654,0.12750481
2020-01-23 13:00:00,0.18138885,-0.7281665,0.9551002,0.5996838
2020-01-23 14:00:00,0.026325623,-0.6186432,1.1348997,0.9402758
2020-01-23 15:00:00,-0.13274224,-0.54758203,1.1837206,0.9941552
2020-01-23 16:00:00,-0.48556572,-0.32779536,1.295584,0.8874714
2020-01-23 17:00:00,-0.50067025,-0.012104127,1.0931787,0.9526993
2020-01-23 18:00:00,-0.46568638,0.19462073,0.8269855,0.61196625
2020-01-23 19:00:00,-0.47095776,0.5393628,0.6280203,0.35232365
2020-01-23 20:00:00,-0.3433862,0.8236707,0.41640627,0.23343267
2020-01-23 21:00:00,-0.23495993,1.0720099,0.14306456,-0.27305892
2020-01-23 22:00:00,0.0042449026,1.1801939,-0.38554406,-0.41834074
2020-01-23 23:00:00,0.23019034,1.2869587,-0.74469244,-0.49241063
2020-01-24 00:00:00,0.55137306,1.294603,-0.8825352,-0.32227376
2020-01-24 01:00:00,0.760033,1.2643048,-1.2453477,-0.031094614
2020-01-24 02:00:00,1.0002066,1.1882036,-1.544807,0.38895082
2020-01-24 03:00:00,1.1640046,1.0439719,-1.6464195,-0.050441436
2020-01-24 04:00:00,1.312642,0.8392057,-1.9028932,0.0713617
2020-01-24 05:00:00,1.408149,0.47637504,-1.7902209,-0.26193
2020-01-24 06:00:00,1.475787,0.28527018,-1.7141495,-0.5781914
2020-01-24 07:00:00,1.3925242,-0.119931996,-1.5493135,-1.1636399
2020-01-24 08:00:00,1.3191268,-0.41709253,-1.4442182,-1.6714733
2020-01-24 09:00:00,1.239849,-0.7376503,-1.1321633,-1.7797617
2020-01-24 10:00:00,0.96229565,-1.0639344,-0.8855612,-1.8782182
2020-01-24 11:00:00,0.6504468,-1.0852561,-0.5064966,-1.4978526
2020-01-24 12:00:00,0.45661643,-1.2132324,-0.23961245,-0.73234445
2020-01-24 13:00:00,0.10541305,-1.3122993,0.09488431,-0.038131215
2020-01-24 14:00:00,-0.2297203,-1.26872,0.3435054,0.5076499
2020-01-24 15:00:00,-0.3982877,-1.1485131,0.65573823,0.95663124
2020-01-24 16:00:00,-0.6137986,-1.0902251,0.8346234,1.3885891
2020-01-24 17:00:00,-0.6516678,-0.8230044,0.8773759,1.223973
2020-01-24 18:00:00,-0.6816342,-0.5023635,0.9116108,1.1351037
2020-01-24 19:00:00,-0.57948387,-0.32818556,0.77971447,0.77786714
2020-01-24 20:00:00,-0.562299,0.029791398,0.7045698,0.7012651
2020-01-24 21:00:00,-0.44631577,0.21346708,0.51679707,0.3752947
2020-01-24 22:00:00,-0.20278972,0.5389266,0.3936768,0.22903152
2020-01-24 23:00:00,-0.1299915,0.7007775,-0.091603555,-0.3573412
2020-01-25 00:00:00,0.2344826,0.74887186,-0.28655457,-0.14867316
2020-01-25 01:00:00,0.50307834,0.94624394,-0.6404839,-0.2754887
2020-01-25 02:00:00,0.6145212,0.8364326,-0.99493104,-0.44463617
2020-01-25 03:00:00,0.935224,0.74460214,-1.2096419,-0.3975026
2020-01-25 04:00:00,1.0361278,0.63846767,-1.521108,-0.5115415
2020-01-25 05:00:00,1.0803809,0.4694136,-1.7020646,-0.291043
2020-01-25 06:00:00,1.1487195,0.09752346,-1.8351586,-0.7004029
2020-01-25 07:00:00,1.1782463,-0.1439565,-1.8049332,-0.9194612
2020-01-25 08:00:00,0.95547986,-0.43512997,-1.7653096,-1.5170563
2020-01-25 09:00:00,0.7813501,-0.7271998,-1.7280846,-1.550371
2020-01-25 10:00:00,0.520257,-1.0358796,-1.5686362,-1.6910757
2020-01-25 11:00:00,0.24089243,-1.3066237,-1.2584164,-1.3860352
2020-01-25 12:00:00,0.04739679,-1.5195026,-0.98746204,-1.068134
2020-01-25 13:00:00,-0.31442884,-1.5987896,-0.6198891,-0.057825543
2020-01-25 14:00:00,-0.52788675,-1.7096184,-0.21226902,0.51331
2020-01-25 15:00:00,-0.7810619,-1.7801721,0.038641177,1.3783203
2020-01-25 16:00:00,-0.91067755,-1.5173751,0.36976025,1.6614312
2020-01-25 17:00:00,-1.0362685,-1.3324124,0.6430729,2.0842566
2020-01-25 18:00:00,-1.0534434,-1.2778571,0.8942712,1.8141161
2020-01-25 19:00:00,-1.1148862,-0.9498236,0.8833423,1.8414528
2020-01-25 20:00:00,-1.0209367,-0.5819477,1.0339528,1.4888444
2020-01-25 21:00:00,-0.9152145,-0.21552774,1.0650907,0.8842534
2020-01-25 22:00:00,-0.69890517,-0.03323397,1.0277238,0.89747024
2020-01-25 23:00:00,-0.43391004,0.18531904,0.78495914,0.59420973
2020-01-26 00:00:00,-0.17309244,0.42445105,0.4959349,0.31022352
2020-01-26 01:00:00,-0.014913536,0.6568905,0.35256055,0.16551484
2020-01-26 02:00:00,0.2995003,0.6434511,-0.010796377,0.030022398
2020-01-26 03:00:00,0.51490265,0.6510046,-0.35370234,0.16002548
2020-01-26 04:00:00,0.61107713,0.6087337,-0.6365447,-0.25408617
2020-01-26 05:00:00,0.7689055,0.4574586,-0.9031223,-0.38129774
2020-01-26 06:00:00,0.65562564,0.32186538,-1.1729584,-0.81677794
2020-01-26 07:00:00,0.58361936,0.15778546,-1.4471028,-1.0126202
2020-01-26 08:00:00,0.44308302,-0.18128112,-1.4194454,-0.9664995
2020-01-26 09:00:00,0.43444562,-0.5016706,-1.4532365,-1.3664099
2020-01-26 10:00:00,0.17229235,-0.7945858,-1.4583343,-1.2123475
2020-01-26 11:00:00,-0.11683605,-1.130116,-1.4434452,-0.90804607
2020-01-26 12:00:00,-0.3707973,-1.2436087,-1.2188821,-0.5359956
2020-01-26 13:00:00,-0.7112624,-1.4763341,-0.9669833,0.08945288
2020-01-26 14:00:00,-0.7846918,-1.6031612,-0.6428025,0.5814934
2020-01-26 15:00:00,-1.1178578,-1.4851968,-0.30919108,1.2740506
2020-01-26 16:00:00,-1.2874084,-1.6060044,-0.03054869,1.9351106
2020-01-26 17:00:00,-1.3655252,-1.5609287,0.3590279,2.1830697
2020-01-26 18:00:00,-1.420254,-1.378815,0.7079262,2.3905585
2020-01-26 19:00:00,-1.4068228,-1.0756319,1.0517684,2.364972
2020-01-26 20:00:00,-1.364786,-0.857574,1.2563528,2.0947454
2020-01-26 21:00:00,-1.149265,-0.63596046,1.4383337,1.4622985
2020-01-26 22:00:00,-0.8774652,-0.20730308,1.5074219,1.1294608
2020-01-26 23:00:00,-0.66828096,0.017233577,1.5998231,0.6734648
2020-01-27 00:00:00,-0.40156463,0.4233226,1.4971069,0.72949094
2020-01-27 01:00:00,-0.25177497,0.6213461,1.3060901,0.924929
2020-01-27 02:00:00,-0.037635654,0.72747517,1.2252096,0.7101419
2020-01-27 03:00:00,0.21023133,0.9307842,0.94111115,0.7916652
2020-01-27 04:00:00,0.37648976,0.9150798,0.5954952,0.8880305
2020-01-27 05:00:00,0.527275,0.92548174,0.28256434,0.50838685
2020-01-27 06:00:00,0.42167675,0.8071671,0.006177035,0.20893705
2020-01-27 07:00:00,0.54906297,0.57677805,-0.28609574,0.047977347
2020-01-27 08:00:00,0.36584312,0.3702829,-0.56757796,-0.49465224
2020-01-27 09:00:00,0.19523662,0.19892824,-0.7816688,-0.7201189
2020-01-27 10:00:00,-0.03868063,-0.14593421,-0.87040204,-0.7072866
2020-01-27 11:00:00,-0.30885702,-0.42944732,-0.98862934,-0.6920939
2020-01-27 12:00:00,-0.43994543,-0.7221542,-1.0424361,-0.5671857
2020-01-27 13:00:00,-0.7317461,-0.8859447,-0.93630123,-0.27706867
2020-01-27 14:00:00,-1.0359044,-0.9888398,-0.89115584,0.18469776
2020-01-27 15:00:00,-1.2374123,-1.269771,-0.60795546,0.83683825
2020-01-27 16:00:00,-1.3418515,-1.2703972,-0.26911607,1.3376392
2020-01-27 17:00:00,-1.3343459,-1.1824683,-0.060088553,1.3312399
2020-01-27 18:00:00,-1.457044,-1.1648157,0.24407923,1.7464199
2020-01-27 19:00:00,-1.4767107,-0.9768326,0.59642845,1.7392105
2020-01-27 20:00:00,-1.3048853,-0.8309048,0.9052985,1.7261618
2020-01-27 21:00:00,-1.137655,-0.48699954,1.2213492,1.297297
2020-01-27 22:00:00,-1.0415037,-0.21622753,1.4964684,0.9926071
2020-01-27 23:00:00,-0.6573627,0.1586138,1.6388425,0.8322168
2020-01-28 00:00:00,-0.39598247,0.48111665,1.833234,0.7107425
2020-01-28 01:00:00,-0.0788665,0.8416662,1.9235455,0.8551618
2020-01-28 02:00:00,0.23242188,0.99278235,1.7994348,1.0271392
2020-01-28 03:00:00,0.41639164,1.1784198,1.8098067,1.3646128
2020-01-28 04:00:00,0.5190146,1.3057259,1.577573,1.5954105
2020-01-28 05:00:00,0.59098583,1.3405782,1.361422,1.6810226
2020-01-28 06:00:00,0.8234631,1.3629682,0.9883911,1.7116765
2020-01-28 07:00:00,0.67852664,1.2464721,0.74537313,1.432239
2020-01-28 08:00:00,0.5916218,1.1185423,0.31748673,0.94317394
2020-01-28 09:00:00,0.4464545,0.9689283,0.09283758,0.46857673
2020-01-28 10:00:00,0.26648423,0.60351706,-0.24172518,-0.34119177
2020-01-28 11:00:00,0.02455671,0.43590137,-0.47932473,-0.47196937
2020-01-28 12:00:00,-0.23902497,0.16206506,-0.7660134,-0.50240445
2020-01-28 13:00:00,-0.479498,-0.18172508,-0.8845776,-0.7534341
2020-01-28 14:00:00,-0.6776882,-0.52553314,-0.8675175,-0.55733854
2020-01-28 15:00:00,-0.8927876,-0.64907515,-0.92420435,-0.25166556
2020-01-28 16:00:00,-1.0424052,-0.6955109,-0.7562205,-0.007785096
2020-01-28 17:00:00,-1.0833639,-0.8360093,-0.6792183,0.32163695
2020-01-28 18:00:00,-1.1173494,-0.8867437,-0.33856747,0.4089426
2020-01-28 19:00:00,-0.977012,-0.7904357,-0.16459551,0.59327024
2020-01-28 20:00:00,-1.0664151,-0.58176434,0.23478013,0.8092338
2020-01-28 21:00:00,-0.70182365,-0.39326173,0.56286734,0.70034254
2020-01-28 22:00:00,-0.46836078,-0.17943199,0.81677145,0.7510999
2020-01-28 23:00:00,-0.37447417,0.102202,1.1778691,0.8975674
2020-01-29 00:00:00,-0.01041438,0.40670478,1.4188654,0.9777399
2020-01-29 01:00:00,0.2656726,0.6853161,1.580905,0.93367714
2020-01-29 02:00:00,0.47372946,1.098418,1.6924328,1.4512756
2020-01-29 03:00:00,0.7309482,1.2516224,1.7045783,1.7372118
2020-01-29 04:00:00,0.89177775,1.527566,1.8009082,2.1579926
2020-01-29 05:00:00,1.1532651,1.6787503,1.6072308,2.7244124
2020-01-29 06:00:00,1.1648244,1.7175665,1.5184795,2.7908795
2020-01-29 07:00:00,1.165703,1.6363612,1.263976,2.8212783
2020-01-29 08:00:00,1.0562866,1.5946575,1.0223607,2.3875847
2020-01-29 09:00:00,0.8226037,1.4214612,0.64791393,1.554213
2020-01-29 10:00:00,0.6632645,1.1669756,0.30209252,0.95310056
2020-01-29 11:00:00,0.4900638,0.9723658,0.010271118,0.4537775
2020-01-29 12:00:00,0.16267549,0.6116606,-0.3362642,-0.10508506
2020-01-29 13:00:00,0.01731519,0.4327029,-0.6281312,-0.5249067
2020-01-29 14:00:00,-0.25515628,0.059484962,-0.8600829,-0.8882662
2020-01-29 15:00:00,-0.45296177,-0.17314574,-1.1359894,-0.58374023
2020-01-29 16:00:00,-0.54193735,-0.39385116,-1.1240888,-0.6895489
2020-01-29 17:00:00,-0.63991255,-0.5908253,-1.1562012,-0.4453588
2020-01-29 18:00:00,-0.6994034,-0.6530634,-1.1842648,-0.53058916
2020-01-29 19:00:00,-0.57490563,-0.73899895,-1.0179094,-0.41931003
2020-01-29 20:00:00,-0.5730722,-0.6310403,-0.8137784,-0.3231205
2020-01-29 21:00:00,-0.31582662,-0.63049656,-0.57038534,-0.2525674
2020-01-29 22:00:00,-0.096879,-0.38187483,-0.25953212,-0.15708171
2020-01-29 23:00:00,0.11163949,-0.06378413,0.104859464,0.11405943
2020-01-30 00:00:00,0.4141824,0.054754097,0.40052122,0.28072882
2020-01-30 01:00:00,0.6055322,0.35760882,0.5789223,0.578684
2020-01-30 02:00:00,0.9663007,0.7069752,0.9408711,1.3553387
2020-01-30 03:00:00,1.1282138,0.96470726,1.1926066,1.9449548
2020-01-30 04:00:00,1.279902,1.2148893,1.2998252,2.3018947
2020-01-30 05:00:00,1.467444,1.415137,1.4175636,2.9619012
2020-01-30 06:00:00,1.4222872,1.554884,1.4686828,3.1728232
2020-01-30 07:00:00,1.3608139,1.641441,1.3455234,2.9201224
2020-01-30 08:00:00,1.2606708,1.5950537,1.1574199,2.65953
2020-01-30 09:00:00,1.216399,1.4769214,0.9795763,2.4518514
2020-01-30 10:00:00,0.92082494,1.3674202,0.6599411,1.8088247
2020-01-30 11:00:00,0.83659166,1.2128227,0.33675078,1.2004944
2020-01-30 12:00:00,0.3904475,0.84703517,-0.024789838,0.4377788
2020-01-30 13:00:00,0.324377,0.5081026,-0.27911964,-0.088782065
2020-01-30 14:00:00,0.012066286,0.30018386,-0.7368194,-0.667116
2020-01-30 15:00:00,-0.20797633,-0.069925174,-0.9282973,-0.9745677
2020-01-30 16:00:00,-0.38754946,-0.45981568,-1.2428781,-0.9636276
2020-01-30 17:00:00,-0.43918866,-0.55778307,-1.5408392,-0.7702193
2020-01-30 18:00:00,-0.49474174,-0.82313687,-1.5850137,-0.8847888
2020-01-30 19:00:00,-0.40396038,-0.9331914,-1.7638674,-0.54741913
2020-01-30 20:00:00,-0.35455212,-0.97324616,-1.6037608,-0.704362
2020-01-30 21:00:00,-0.19556558,-0.9676125,-1.4898481,-0.46820757
2020-01-30 22:00:00,-0.016585197,-0.85688305,-1.3922321,-0.7061438
2020-01-30 23:00:00,0.23680691,-0.7635622,-1.124856,-1.1034234
2020-01-31 00:00:00,0.51005405,-0.5101512,-0.7555059,-0.9949755
2020-01-31 01:00:00,0.66348356,-0.30120197,-0.5708715,-0.6785008
2020-01-31 02:00:00,0.9175971,0.021499574,-0.27917287,-0.14244622
2020-01-31 03:00:00,1.2234416,0.2953449,0.16022246,0.21382426
2020-01-31 04:00:00,1.3472456,0.48663095,0.47135076,0.7499728
2020-01-31 05:00:00,1.4222578,0.82759666,0.61836356,1.4975902
2020-01-31 06:00:00,1.4586661,0.94150466,0.8571493,2.0146823
2020-01-31 07:00:00,1.4326326,1.1456355,0.9942719,2.3522365
2020-01-31 08:00:00,1.2793301,1.1928537,0.93555737,2.3029478
2020-01-31 09:00:00,1.0988437,1.2625681,0.9156672,1.9079349
2020-01-31 10:00:00,0.93021166,1.0816745,0.8918441,1.4008839
2020-01-31 11:00:00,0.6195093,0.92727304,0.7337539,1.240901
2020-01-31 12:00:00,0.4186484,0.73339516,0.43544975,0.5759341
2020-01-31 13:00:00,0.042367637,0.45845997,0.07297864,-0.17282496
2020-01-31 14:00:00,-0.07467628,0.2175055,-0.106141604,-0.16727255
2020-01-31 15:00:00,-0.3225735,-0.21757506,-0.56877613,-0.4063417
2020-01-31 16:00:00,-0.50577754,-0.50353056,-0.89128643,-0.57340986
2020-01-31 17:00:00,-0.5832776,-0.79980445,-1.1667963,-0.55793875
2020-01-31 18:00:00,-0.59760135,-0.95874244,-1.375438,-0.4827519
2020-01-31 19:00:00,-0.61090726,-1.1298364,-1.6245222,-0.41207746
2020-01-31 20:00:00,-0.6690091,-1.3670771,-1.7934598,-0.29462248
2020-01-31 21:00:00,-0.4976596,-1.4461299,-1.8627366,-0.37613553
2020-01-31 22:00:00,-0.27382094,-1.4356867,-1.8761543,-0.53277844
2020-01-31 23:00:00,-0.016450178,-1.3091592,-1.7640284,-0.9250719
2020-02-01 00:00:00,0.25026482,-1.2736654,-1.7580463,-1.2741299
2020-02-01 01:00:00,0.42992786,-1.017007,-1.4210415,-1.5389496
2020-02-01 02:00:00,0.69946885,-0.7365668,-1.1164064,-1.4519187
2020-02-01 03:00:00,0.84194714,-0.4874097,-0.87142646,-1.4569257
2020-02-01 04:00:00,0.9903071,-0.21860588,-0.4606678,-0.72694594
2020-02-01 05:00:00,1.0324923,0.09943309,-0.15563397,0.0073780087
2020-02-01 06:00:00,1.0725988,0.16679652,0.2590045,0.16381237
2020-02-01 07:00:00,0.9988074,0.54713535,0.53102434,0.831149
2020-02-01 08:00:00,0.89927286,0.63670665,0.6591992,1.0937282
2020-02-01 09:00:00,0.82330114,0.66855294,0.8414221,1.3138651
2020-02-01 10:00:00,0.4974351,0.80452776,0.9391082,1.0549994
2020-02-01 11:00:00,0.41668373,0.79291993,0.93657005,0.94756925
2020-02-01 12:00:00,0.032225896,0.5917854,0.9072997,0.50008607
2020-02-01 13:00:00,-0.26070285,0.45705625,0.72404873,0.46908307
2020-02-01 14:00:00,-0.57270294,0.24827172,0.5040405,0.5031885
2020-02-01 15:00:00,-0.72048354,-0.046419196,0.33642668,0.3266788
2020-02-01 16:00:00,-0.96172845,-0.33122358,0.04258632,0.28007695
2020-02-01 17:00:00,-1.0451711,-0.68022066,-0.34497696,0.3266533
2020-02-01 18:00:00,-0.97563624,-1.0022953,-0.5790899,0.3440659
2020-02-01 19:00:00,-1.0925083,-1.3420364,-0.9590833,0.45042136
2020-02-01 20:00:00,-0.94829935,-1.4817327,-1.1852107,0.48890513
2020-02-01 21:00:00,-0.8997551,-1.6581441,-1.3779508,0.45260116
2020-02-01 22:00:00,-0.67675996,-1.5842153,-1.5792503,0.031308323
2020-02-01 23:00:00,-0.36255503,-1.7040074,-1.6412032,-0.51391786
2020-02-02 00:00:00,-0.24061023,-1.6171702,-1.6982158,-0.4908471
2020-02-02 01:00:00,0.12349716,-1.4540917,-1.6114396,-1.081442
2020-02-02 02:00:00,0.2930876,-1.276865,-1.4650285,-1.4256759
2020-02-02 03:00:00,0.4206774,-0.9432683,-1.2764809,-1.2575152
2020-02-02 04:00:00,0.62370574,-0.77522975,-0.9749577,-1.3781356
2020-02-02 05:00:00,0.72537345,-0.43504068,-0.7275421,-1.119055
2020-02-02 06:00:00,0.7270856,-0.18557273,-0.33256665,-0.6323274
2020-02-02 07:00:00,0.56902087,0.06068788,0.027607467,-0.24466504
2020-02-02 08:00:00,0.49734217,0.3332278,0.36790085,0.44979125
2020-02-02 09:00:00,0.34894747,0.54664576,0.6783653,0.4960171
2020-02-02 10:00:00,0.1375324,0.6481176,0.95148075,0.6436488
2020-02-02 11:00:00,-0.08134321,0.6852743,1.1831759,0.5268225
2020-02-02 12:00:00,-0.37423068,0.6263608,1.3375409,0.62554765
2020-02-02 13:00:00,-0.72007513,0.59759974,1.3193395,0.44343543
2020-02-02 14:00:00,-0.8862895,0.366197,1.2708311,0.4961544
2020-02-02 15:00:00,-1.0921096,0.26409918,1.1814018,0.4238898
2020-02-02 16:00:00,-1.2632086,-0.026306542,1.0415293,0.6393403
2020-02-02 17:00:00,-1.3460945,-0.38460827,0.8210292,1.155712
2020-02-02 18:00:00,-1.4009284,-0.6152906,0.5270527,1.1763448
2020-02-02 19:00:00,-1.3933779,-0.91389847,0.19828717,1.370566
2020-02-02 20:00:00,-1.3270906,-1.1074023,-0.07348337,1.1796702
2020-02-02 21:00:00,-1.2542065,-1.2580512,-0.34797803,1.1446942
2020-02-02 22:00:00,-0.9484055,-1.5619916,-0.6079852,0.9743443
2020-02-02 23:00:00,-0.72348756,-1.5374814,-0.90377927,0.35649946
2020-02-03 00:00:00,-0.465965,-1.5526576,-1.0777879,-0.2302281
2020-02-03 01:00:00,-0.28837162,-1.4380195,-1.2165556,-0.5200684
2020-02-03 02:00:00,-0.04052824,-1.3170562,-1.2093757,-0.9175011
2020-02-03 03:00:00,0.27085832,-1.1586659,-1.2092257,-1.2447233
2020-02-03 04:00:00,0.37340575,-0.8794775,-1.0199265,-1.239968
2020-02-03 05:00:00,0.5083205,-0.6098962,-0.94816333,-1.169038
2020-02-03 06:00:00,0.5093959,-0.20417964,-0.6254241,-0.7315297
2020-02-03 07:00:00,0.47575328,0.055550147,-0.2925196,-0.45539525
2020-02-03 08:00:00,0.42233768,0.44402245,0.03390001,-0.0050593773
2020-02-03 09:00:00,0.19245844,0.60521823,0.5061865,0.32283655
2020-02-03 10:00:00,0.018410625,0.78192025,0.73168045,0.39190903
2020-02-03 11:00:00,-0.24754795,0.88865757,0.983971,0.37626198
2020-02-03 12:00:00,-0.50114876,0.95107,1.3094637,0.41936827
2020-02-03 13:00:00,-0.74919057,0.965103,1.450546,0.1049242
2020-02-03 14:00:00,-0.9586197,0.9878429,1.6935571,0.042347383
2020-02-03 15:00:00,-1.1949159,0.86260825,1.7390637,-0.09702223
2020-02-03 16:00:00,-1.2605945,0.5629046,1.8305153,-0.059047736
2020-02-03 17:00:00,-1.4608474,0.44680142,1.682627,0.31522813
2020-02-03 18:00:00,-1.451728,0.10923262,1.5557874,0.8068377
2020-02-03 19:00:00,-1.4218601,-0.13894737,1.3164992,0.9252554
2020-02-03 20:00:00,-1.2185692,-0.33793315,1.1695924,1.2426404
2020-02-03 21:00:00,-1.1125112,-0.6205765,0.76418805,1.1627308
2020-02-03 22:00:00,-0.8533872,-0.8839389,0.55025226,1.1707234
2020-02-03 23:00:00,-0.7272459,-1.0645735,0.1770762,0.7224393
2020-02-04 00:00:00,-0.3694032,-1.2111431,-0.14381692,0.05252583
2020-02-04 01:00:00,-0.06751528,-1.1507989,-0.4182567,-0.39952055
2020-02-04 02:00:00,0.14576827,-1.0626252,-0.63475007,-0.7759873
2020-02-04 03:00:00,0.4150174,-0.9673699,-0.90494585,-1.2266511
2020-02-04 04:00:00,0.5082746,-0.72642547,-0.9040302,-1.3127937
2020-02-04 05:00:00,0.7184595,-0.4649501,-0.8519096,-1.1676885
2020-02-04 06:00:00,0.81142,-0.1904985,-0.8228106,-0.90388864
2020-02-04 07:00:00,0.6591038,0.09940082,-0.7429283,-0.6737426
2020-02-04 08:00:00,0.57033026,0.45490998,-0.46188894,-0.25087923
2020-02-04 09:00:00,0.52200997,0.7681418,-0.106894374,0.11199813
2020-02-04 10:00:00,0.3372386,0.9585652,0.176179,0.5259558
2020-02-04 11:00:00,0.0073117297,1.3026183,0.43820548,0.22747725
2020-02-04 12:00:00,-0.22967121,1.3854991,0.8194061,0.37805778
2020-02-04 13:00:00,-0.4645643,1.4802496,1.0684018,0.26344702
2020-02-04 14:00:00,-0.74159306,1.5295427,1.2829444,-0.15127541
2020-02-04 15:00:00,-0.9098689,1.446543,1.5538442,-0.3804263
2020-02-04 16:00:00,-1.05529,1.3537488,1.8474132,-0.5666071
2020-02-04 17:00:00,-1.1253952,1.1309247,1.8522935,-0.26178876
2020-02-04 18:00:00,-1.1046547,0.8482246,1.8723714,-0.22311004
2020-02-04 19:00:00,-1.0388209,0.6264864,1.8085899,0.10397424
2020-02-04 20:00:00,-0.8546615,0.26555437,1.7814393,0.5762436
2020-02-04 21:00:00,-0.8046367,0.045650665,1.5611768,0.9807053
2020-02-04 22:00:00,-0.47976893,-0.22264436,1.3267006,1.011036
2020-02-04 23:00:00,-0.27982408,-0.45447397,0.90039057,0.71054715
2020-02-05 00:00:00,0.0059268144,-0.62104464,0.5892724,0.44297752
2020-02-05 01:00:00,0.3196656,-0.81559384,0.1566992,-0.20018768
2020-02-05 02:00:00,0.48964894,-0.78499883,-0.024941329,-0.52454853
2020-02-05 03:00:00,0.7906395,-0.7154201,-0.45973977,-0.8951064
2020-02-05 04:00:00,0.9573091,-0.60285646,-0.64785486,-1.3371422
2020-02-05 05:00:00,1.0919542,-0.48762953,-0.9117989,-1.1559737
2020-02-05 06:00:00,1.1341789,-0.14337227,-1.0149935,-0.95245785
2020-02-05 07:00:00,1.2265704,0.020759998,-1.0798397,-0.77009773
2020-02-05 08:00:00,0.989996,0.4079754,-1.0423636,-0.5763771
2020-02-05 09:00:00,0.8541865,0.68300366,-0.93669206,-0.31504267
2020-02-05 10:00:00,0.6600135,0.9197258,-0.76521796,-0.3209127
2020-02-05 11:00:00,0.4395012,1.301677,-0.46499288,-0.02979919
2020-02-05 12:00:00,0.19359252,1.3685979,-0.28539056,-0.024034856
2020-02-05 13:00:00,0.042796094,1.6308851,0.086332336,0.22265041
2020-02-05 14:00:00,-0.17043479,1.7232584,0.4525164,-0.044987693
2020-02-05 15:00:00,-0.46107805,1.6542139,0.67441964,-0.23173745
2020-02-05 16:00:00,-0.6174232,1.697178,0.94650304,-0.307435
2020-02-05 17:00:00,-0.636875,1.4838148,1.2102175,-0.24732144
2020-02-05 18:00:00,-0.70728624,1.3164774,1.4626724,0.045803048
2020-02-05 19:00:00,-0.59954554,1.069614,1.526725,0.18100299
2020-02-05 20:00:00,-0.5071929,0.7682574,1.5278312,0.47593617
2020-02-05 21:00:00,-0.4207306,0.51489335,1.5369135,0.62118024
2020-02-05 22:00:00,-0.047478803,0.21273196,1.3382506,0.75447506
2020-02-05 23:00:00,0.2185907,-0.19801971,1.2361281,0.79500294
2020-02-06 00:00:00,0.3689163,-0.2941934,0.9690141,0.6065134
2020-02-06 01:00:00,0.6503829,-0.64152455,0.63082284,0.087228455
2020-02-06 02:00:00,0.93607265,-0.6440611,0.2690475,-0.44420406
2020-02-06 03:00:00,1.1558617,-0.7069216,-0.08358313,-0.86650574
2020-02-06 04:00:00,1.3406453,-0.8119849,-0.3590047,-1.228153
2020-02-06 05:00:00,1.5171838,-0.6996756,-0.6485566,-1.6243325
2020-02-06 06:00:00,1.450337,-0.58906364,-1.026641,-1.5915098
2020-02-06 07:00:00,1.393002,-0.34172246,-1.2021079,-1.5870199
2020-02-06 08:00:00,1.2712163,-0.09932773,-1.4931536,-1.1543177
2020-02-06 09:00:00,1.1512319,0.23038816,-1.5071174,-0.9174759
2020-02-06 10:00:00,0.9848701,0.5427828,-1.4898235,-0.7018407
2020-02-06 11:00:00,0.84025985,0.82501173,-1.4658588,-0.46046412
2020-02-06 12:00:00,0.47034338,0.97920203,-1.3258493,-0.4161082
2020-02-06 13:00:00,0.25242358,1.20665,-1.1065636,-0.51294255
2020-02-06 14:00:00,0.0023742684,1.2866392,-0.800798,-0.7116106
2020-02-06 15:00:00,-0.14204101,1.4177401,-0.530585,-0.91717076
2020-02-06 16:00:00,-0.23227689,1.5207297,-0.32005343,-0.74299645
2020-02-06 17:00:00,-0.4840089,1.4931343,-0.00079681206,-0.72658116
2020-02-06 18:00:00,-0.515652,1.218693,0.36999387,-0.32760864
2020-02-06 19:00:00,-0.40523744,1.0542213,0.68250334,-0.10695953
2020-02-06 20:00:00,-0.32448894,0.83250386,0.7302111,0.18840197
2020-02-06 21:00:00,-0.10906531,0.5588103,0.9866685,0.6390741
2020-02-06 22:00:00,0.03247182,0.1931454,1.0565528,0.8274527
2020-02-06 23:00:00,0.22336958,-0.06030279,1.1458039,0.54907614
2020-02-07 00:00:00,0.5258767,-0.40585488,0.9725437,0.5049054
2020-02-07 01:00:00,0.80610716,-0.6515482,0.852241,0.1888468
2020-02-07 02:00:00,1.0277106,-0.8446509,0.61554754,-0.21814398
2020-02-07 03:00:00,1.2133222,-1.0326816,0.22339581,-0.9289255
2020-02-07 04:00:00,1.393716,-1.1469052,0.0508402,-1.4499776
2020-02-07 05:00:00,1.4916017,-1.1491153,-0.31598437,-2.0679224
2020-02-07 06:00:00,1.5285324,-1.0930417,-0.6437177,-2.4522128
2020-02-07 07:00:00,1.4493691,-0.98308057,-0.79968125,-2.1879435
2020-02-07 08:00:00,1.2996422,-0.79324496,-1.3936809,-1.9003634
2020-02-07 09:00:00,1.1467745,-0.4683937,-1.4473273,-1.4004204
2020-02-07 10:00:00,0.98242486,-0.25607446,-1.7293617,-1.1852543
2020-02-07 11:00:00,0.62926114,-0.019931192,-1.8096249,-0.9740117
2020-02-07 12:00:00,0.41834942,0.3050328,-1.8571267,-0.82930624
2020-02-07 13:00:00,0.10950988,0.5070655,-1.8274336,-0.9984604
2020-02-07 14:00:00,-0.12301682,0.797416,-1.7096937,-1.1200768
2020-02-07 15:00:00,-0.2806008,0.9192731,-1.4706851,-1.0728401
2020-02-07 16:00:00,-0.50734407,0.9933664,-1.3111798,-1.5610342
2020-02-07 17:00:00,-0.6284103,1.0478233,-0.90259945,-1.2773453
2020-02-07 18:00:00,-0.7471879,0.8996392,-0.6392436,-1.3212408
2020-02-07 19:00:00,-0.62263304,0.8024918,-0.3450488,-0.7490419
2020-02-07 20:00:00,-0.5430112,0.61401933,0.008304897,-0.56012475
2020-02-07 21:00:00,-0.323838,0.44040692,0.3843768,0.17926538
2020-02-07 22:00:00,-0.25628892,0.23794992,0.5403826,0.27398366
2020-02-07 23:00:00,-0.0051172148,-0.044079617,0.77175194,0.42348334
2020-02-08 00:00:00,0.23853105,-0.4377282,0.8345065,0.56167924
2020-02-08 01:00:00,0.5467677,-0.7471196,0.95017,0.45021254
2020-02-08 02:00:00,0.68704575,-1.135503,0.9095362,-0.123110674
2020-02-08 03:00:00,0.8953474,-1.3006252,0.8546668,-0.6097386
2020-02-08 04:00:00,1.0529578,-1.4824426,0.57096726,-1.0310953
2020-02-08 05:00:00,1.1138358,-1.575535,0.3717195,-1.3909162
2020-02-08 06:00:00,1.0981188,-1.5807577,0.056624413,-1.6003735
2020-02-08 07:00:00,1.0777761,-1.5492932,-0.1987173,-1.7373079
2020-02-08 08:00:00,1.0034281,-1.5071118,-0.62525696,-2.067329
2020-02-08 09:00:00,0.72097325,-1.1903206,-0.869716,-1.4420763
2020-02-08 10:00:00,0.5532335,-1.0498813,-1.2078965,-1.4923669
2020-02-08 11:00:00,0.2517386,-0.71673864,-1.4492648,-1.2504804
2020-02-08 12:00:00,0.06899233,-0.33854857,-1.6316206,-1.241921
2020-02-08 13:00:00,-0.34442398,-0.20116805,-1.7447902,-0.99362034
2020-02-08 14:00:00,-0.55605114,-0.012354036,-1.8080851,-1.0317186
2020-02-08 15:00:00,-0.7349584,0.33435595,-1.7569934,-1.1254054
2020-02-08 16:00:00,-0.8529903,0.5883622,-1.5762147,-1.4339842
2020-02-08 17:00:00,-1.0528791,0.75419855,-1.4208977,-1.8914133
2020-02-08 18:00:00,-1.1297204,0.64808065,-1.1791908,-1.6522386
2020-02-08 19:00:00,-0.9919675,0.7143313,-0.94860137,-1.4594661
2020-02-08 20:00:00,-1.0764837,0.5737575,-0.6401802,-1.0748512
2020-02-08 21:00:00,-0.9728566,0.43228713,-0.20243399,-0.58843195
2020-02-08 22:00:00,-0.6513298,0.35302705,0.13582301,-0.09776668
2020-02-08 23:00:00,-0.47451776,-0.11523286,0.48607343,0.4089768
2020-02-09 00:00:00,-0.2586435,-0.3164242,0.66361153,0.6352565
2020-02-09 01:00:00,0.06997255,-0.6051171,0.9096315,0.79035074
2020-02-09 02:00:00,0.27157003,-0.8655149,1.000407,0.38165373
2020-02-09 03:00:00,0.42227682,-1.1801252,1.1497928,0.29449993
2020-02-09 04:00:00,0.52975017,-1.3923368,1.2280366,0.051879164
2020-02-09 05:00:00,0.7220486,-1.5936947,1.0858543,-0.2572144
2020-02-09 06:00:00,0.73018515,-1.6602925,0.99917984,-0.27475512
2020-02-09 07:00:00,0.6442533,-1.7174999,0.75157034,-0.52929664
2020-02-09 08:00:00,0.6277109,-1.6209744,0.5197824,-0.8345581
2020-02-09 09:00:00,0.30949914,-1.5501239,0.15271842,-0.45530957
2020-02-09 10:00:00,0.066657804,-1.3274316,-0.09753999,-0.15500511
2020-02-09 11:00:00,-0.14529222,-1.108597,-0.5631051,-0.3480789
2020-02-09 12:00:00,-0.38371503,-0.77232057,-0.71590304,-0.3604618
2020-02-09 13:00:00,-0.639461,-0.5301559,-1.0448209,-0.59083724
2020-02-09 14:00:00,-0.9156812,-0.3108607,-1.1079717,-0.79350066
2020-02-09 15:00:00,-1.1033561,0.13218887,-1.2700304,-1.0462421
2020-02-09 16:00:00,-1.3520951,0.28352582,-1.3528965,-1.447243
2020-02-09 17:00:00,-1.3262653,0.5087452,-1.2893848,-1.3795843
2020-02-09 18:00:00,-1.445052,0.66460603,-1.3235419,-1.8234986
2020-02-09 19:00:00,-1.3587922,0.84756005,-1.0248545,-2.048911
2020-02-09 20:00:00,-1.304766,0.6834276,-0.8354199,-1.7292066
2020-02-09 21:00:00,-1.1466408,0.8853801,-0.609302,-1.6102005
2020-02-09 22:00:00,-0.93971807,0.6510225,-0.2168041,-0.93301386
2020-02-09 23:00:00,-0.7098065,0.41936368,0.017070165,-0.24622957
2020-02-10 00:00:00,-0.44572783,0.16822942,0.38070363,0.21100019
2020-02-10 01:00:00,-0.15639657,-0.08370063,0.72590107,0.47813994
2020-02-10 02:00:00,0.025030645,-0.35512385,1.0312642,0.94542575
2020-02-10 03:00:00,0.25533086,-0.62798554,1.2572224,0.71321803
2020-02-10 04:00:00,0.3725767,-0.88924205,1.5612208,0.670122
2020-02-10 05:00:00,0.5479313,-1.1302272,1.6050417,0.25172573
2020-02-10 06:00:00,0.4758404,-1.3087574,1.6756995,0.32865334
2020-02-10 07:00:00,0.5659925,-1.4060171,1.5904586,0.17599645
2020-02-10 08:00:00,0.3750956,-1.4359943,1.4127455,0.13957152
2020-02-10 09:00:00,0.14840192,-1.322861,1.3333306,0.87290746
2020-02-10 10:00:00,0.021689808,-1.2305388,0.9827293,0.8619567
2020-02-10 11:00:00,-0.25680676,-1.2216064,0.7903172,0.8685109
2020-02-10 12:00:00,-0.43571177,-0.8002866,0.41446906,0.54301715
2020-02-10 13:00:00,-0.7646832,-0.53982687,0.26340643,0.6164599
2020-02-10 14:00:00,-0.99035555,-0.24141732,-0.09849337,0.110844344
2020-02-10 15:00:00,-1.2637755,0.056718994,-0.41805613,-0.44736707
2020-02-10 16:00:00,-1.3443176,0.43804625,-0.59418833,-1.1051005
2020-02-10 17:00:00,-1.535631,0.7061894,-0.87461656,-1.7436619
2020-02-10 18:00:00,-1.5198996,0.8524088,-0.91046286,-1.886672
2020-02-10 19:00:00,-1.3601727,1.085674,-0.9568574,-2.182864
2020-02-10 20:00:00,-1.2499481,1.1233865,-0.9045225,-2.2894893
2020-02-10 21:00:00,-1.099386,1.1365492,-0.7288843,-1.775694
2020-02-10 22:00:00,-0.9516482,1.133722,-0.5611204,-1.4386287
2020-02-10 23:00:00,-0.6536735,1.097303,-0.32953236,-0.7332027
2020-02-11 00:00:00,-0.38125587,0.9285447,-0.12779494,-0.6683339
2020-02-11 01:00:00,-0.16823505,0.6826649,0.23454858,0.030438581
2020-02-11 02:00:00,0.21850398,0.43376413,0.6145894,0.30996686
2020-02-11 03:00:00,0.4072915,0.14534843,0.95539665,0.8085299
2020-02-11 04:00:00,0.52477086,-0.19068538,1.1977309,0.6739226
2020-02-11 05:00:00,0.6510164,-0.3970591,1.6349847,0.86195475
2020-02-11 06:00:00,0.70857424,-0.6034163,1.7925707,0.39594316
2020-02-11 07:00:00,0.57683897,-0.78028053,1.8801622,0.22370669
2020-02-11 08:00:00,0.5819265,-0.8710453,1.910538,0.2907899
2020-02-11 09:00:00,0.41692153,-0.93752503,1.8736701,0.24031627
2020-02-11 10:00:00,0.209859,-0.9241369,1.7358289,0.7515239
2020-02-11 11:00:00,0.021079717,-0.78423345,1.6139487,0.63600165
2020-02-11 12:00:00,-0.11709754,-0.6678238,1.386872,0.93641645
2020-02-11 13:00:00,-0.4167529,-0.48171893,1.0263191,0.71211135
2020-02-11 14:00:00,-0.7012495,-0.1725102,0.786056,0.6915019
2020-02-11 15:00:00,-0.83362716,0.100057855,0.4268956,0.4623896
