x_coords,y_coords,z_coords
-0.7435618014794207,-1.9984975769685678,19.774098625745665
-1.0913621613391502,-2.185387694656999,18.30935556185169
-1.415733948211263,-2.5060930187262027,16.986387819673478
-1.7590375172849664,-2.9772983809308466,15.805614925537327
-2.1584172749243353,-3.625403744092841,14.776550005266294
-2.6516919562797443,-4.486854001427866,13.920884185975144
-3.27358374973941,-5.614400065132533,13.2809079510256
-4.069436330125122,-7.06006237317189,12.929704423512767
-5.085809425663637,-8.882134521477013,12.98623696004134
-6.364441501214947,-11.111104107666117,13.636434863353431
-7.934012702840047,-13.662541168748374,15.142320624788532
-9.774296193941229,-16.288345776811042,17.806047991170487
-11.773898335290154,-18.41197473161575,21.884850594592706
-13.644279019331368,-19.181281622775874,27.175918581778113
-14.941797169254237,-17.738164059258764,32.81087720727821
-15.198416092585608,-14.041703816258465,37.24734658848104
-14.225685218711265,-9.034618114779928,39.31603200668718
-12.223254392425526,-4.344893165286237,38.86043783969828
-9.689906000807312,-1.0014427516406021,36.693826455609454
-7.156329890020105,0.8553961466507833,33.869242935171876
-4.957117702643398,1.629346994049426,31.0394689367664
-3.2179330136334907,1.7969578481416337,28.449735003123315
-1.9280630001188517,1.696250861522658,26.13396988453179
-1.0109585991845282,1.5253141526749339,24.057137802601687
-0.37544010660552996,1.3858800691003124,22.179022670730344
0.07053946504471037,1.3191924242027113,20.468239682824304
0.394788735191837,1.3410236774161068,18.903795067202413
0.6537764076155708,1.4556697408395542,17.47156431495062
0.88829169685571,1.6690518139639672,16.162986861430955
1.13234461784991,1.9912330026189018,14.973427411036951
1.4128364240898272,2.4427615972608194,13.903365311143093
1.7595009647892104,3.051917192532202,12.95970635154155
2.199797630260756,3.86342012790565,12.159833945712851
2.7697489978403897,4.932611762446759,11.539405206545117
3.5136186127666678,6.325326046472324,11.161703114292239
4.478399348792858,8.127337574549259,11.132291514778606
5.719238131139193,10.388861590292933,11.63530145477926
7.284665818143418,13.09229235054849,12.935465908289068
9.197242411718815,16.083644334230392,15.429102167379817
11.374824029405952,18.848114360716465,19.45228028049626
13.56698575290117,20.429668850144985,25.099355490667236
15.296805170923077,19.640259959260447,31.612860852500795
15.982614420752205,15.946600199386163,37.33783862264841
15.2334948258487,10.311586125210548,40.45702545687173
13.175757779139403,4.7866024319097615,40.51834701324309
10.391189106385728,0.6074800454188312,38.28836724173541
7.5014635401300485,-1.7313333326095848,35.16252375630979
4.951663128691413,-2.718877830082312,32.05229017019422
2.92112719690584,-2.9522466832099545,29.267854198132177
1.4057403061817473,-2.875372339277821,26.83875843538193
0.31477190508740227,-2.740050552566281,24.70740531805201
-0.4666456482399106,-2.6749349107005753,22.815240411331533
-1.0436292843199553,-2.735937613475162,21.121386011825155
-1.5078309012515758,-2.946983538848708,19.60242685151212
-1.9281170357997843,-3.3235927921829864,18.25078170761657
-2.361788623867444,-3.8825136235010933,17.070189649608604
-2.8559827157552338,-4.649236229402569,16.077847348743184
-3.451443099919297,-5.660064693189215,15.309876648999248
-4.194270758302444,-6.951155077021118,14.826433767443978
-5.1219532295710835,-8.567616213834679,14.72712759546031
-6.271211510462734,-10.515127443293085,15.162108026113458
-7.660209615486266,-12.726118532040076,16.31550829364351
-9.284817754415585,-15.013456086817778,18.47140281719658
-11.057185310975518,-16.967220449800056,21.788707672442904
-12.752730782377192,-17.91390442967972,26.151957762365793
-14.032902281647315,-17.139443992978258,31.001282230158125
-14.506293936856526,-14.46436663961286,35.160984633819936
-13.960763216494298,-10.421425382115038,37.60447072771127
-12.465736753011473,-6.2294351814914375,37.90911192046794
-10.36786624253611,-2.8944681462611257,36.49490328896119
-8.117438316254724,-0.7849095822788272,34.159755822445305
-6.056083572724423,0.2553629991864832,31.568129866024663
-4.361358635271868,0.609432194882958,29.071140874358203
-3.0700174160669476,0.5868571598846165,26.770192693540626
-2.1452877934886203,0.39903392435469787,24.674431398664254
-1.5181312622974268,0.16017054290186722,22.76222925914134
-1.1158608328685011,-0.07834476923193366,21.010359569389124
-0.8778236110880827,-0.3023758577728781,19.40025667238841
-0.7579628484602705,-0.5167220426249406,17.918110343212696
-0.7249803095600247,-0.73545003891396,16.55364652206846
-0.759863212029826,-0.9772393971164675,15.29904496798017
-0.8539289318613226,-1.2637578956819893,14.148619733161116
-1.0070686811709455,-1.6202909556205167,13.099264959681012
-1.225651096415075,-2.0782697948657174,12.151409514224289
-1.5245424869461799,-2.675763410718521,11.310855480946007
-1.9261344784492718,-3.4607923730472336,10.594815348686913
-2.4632741597186003,-4.492572639209808,10.034714681956538
-3.170840228603692,-5.8665065710005635,9.677213817319082
-4.099669131413076,-7.667282889989178,9.634317921412988
-5.318927513465047,-9.961872518681513,10.089413328327682
-6.890490882896085,-12.77298989716254,11.310378800107308
-8.854293677603456,-16.013021472591998,13.724978747196147
-11.15266057781023,-19.19034637950828,17.763593232052777
-13.561598908441095,-21.313151040630952,23.69011771515973
-15.587573761069228,-20.951806959096466,30.881870220149068
-16.55276671697947,-17.232937225496954,37.529177171819455
-15.93219084362695,-11.135918092300344,41.401751036411184
-13.804657523433235,-4.847392460662869,41.68905833033966
-10.786630423808612,-0.07562225291737512,39.312864976753325
-7.6105309428230115,2.559960230150475,35.919584579056824
-4.801952255557459,3.636970985559424,32.59634163841791
-2.57140051092977,3.877139959267941,29.6954467768317
-0.9076105138335642,3.792680465866372,27.224087670013546
0.2935998981134547,3.671677072166985,25.1016815093318
1.1647122839061608,3.652257803396044,23.250974789425694
1.8235396936955446,3.7959927068664046,21.62592460984054
2.376748497722966,4.12755320538121,20.203322447371765
2.8980909155059535,4.664820075052848,18.984745222469215
3.454611532086689,5.4220106908630035,17.98637689067645
4.095560810764164,6.42202675722987,17.247050752212775
4.863202921701386,7.686265467602921,16.831798421408845
5.798434042358963,9.21746240395971,16.83426424967311
6.9233030108956015,10.997982982812509,17.396639243203907
8.237227847456051,12.914355061283649,18.678779656967112
9.70126876846506,14.73708973529614,20.82614156920042
11.199607441699436,16.045527476606196,23.895867452198374
12.527811076073338,16.346504578423815,27.657127332886326
13.404381789953906,15.21975996316809,31.507320171258343
13.564457634983347,12.760028921939426,34.5622096981113
12.912720121450542,9.489492377494013,36.168044023742766
11.566605468292934,6.202286881725919,36.16465144373758
9.804976357883117,3.5981767695065026,34.859925461050096
7.949708197890751,1.9331049753308298,32.85260884644487
6.260292691550126,1.0839812845653758,30.624012891041012
4.870536433577168,0.8124688025501887,28.411234133129753
3.8209100821703212,0.8670506104350125,26.328478833365942
3.0847657861085738,1.1069510324936749,24.3998087281739
2.6168710175661887,1.448814606170149,22.627232351672262
2.367600869880259,1.8592369836316962,21.00504294721102
2.3002242290059294,2.3344622212875237,19.53000303529642
2.383036696870585,2.896031923107902,18.203987885420414
2.6053485894532624,3.574223504207698,17.03582866495369
2.966996930847145,4.410294046117977,16.045531740661122
3.477755443584414,5.453950491196687,15.26930791858572
4.161546838641924,6.758007380939628,14.765503999089013
5.046668582947549,8.366789203450974,14.63251055870372
6.160643215265302,10.294789624310715,15.010308516316146
7.531652889002001,12.515518839879324,16.11534233465765
9.142411109803692,14.839967636514114,18.175205519141144
10.90529151194186,16.85709398356383,21.380284481447433
12.620478914983176,17.92354498968524,25.68560823299311
13.95606396723332,17.319973981825267,30.542158584825902
14.524357625363388,14.731392040120845,34.86587581282484
14.06794411762344,10.829938231161123,37.515784977596525
12.648108784910598,6.692381779036602,38.0336165994648
10.605035004150052,3.210123110768353,36.754381237690914
8.356642521980563,0.9653378288406174,34.44932976786993
6.264587728918617,-0.1860321428559084,31.868508724211647
4.523932641364034,-0.5991455569910629,29.351417689973125
3.1890250538006955,-0.6076847427655818,27.025811139818742
2.2264365500060608,-0.43197597783804537,24.90661322451189
1.5687203700488714,-0.19635796434233654,22.974172040660903
1.1441711327438508,0.042054605571882,21.20458997933033
0.8890981068685241,0.26619839211196106,19.578544304386607
0.7569405628638337,0.4786421815005368,18.081886735365906
0.7135657216014211,0.6932781308298823,16.70385687051811
0.7398019846969448,0.9273037329999304,15.43635775006867
0.8245212600096914,1.202759860590501,14.273345412267188
0.9674468995892774,1.543255510246659,13.211161194590336
1.1736137660588106,1.97935432953705,12.249636229360663
1.456420684896131,2.5476086432090606,11.393120775545121
1.8366636612410385,3.2955609738823206,10.65528872423358
2.344979687930922,4.2786594513913245,10.066995544903076
3.0193490758828565,5.580723997437726,9.672423773011907
3.906099642552392,7.297695245991048,9.563321281842638
5.068119056061244,9.502102408012998,9.91118705329179
6.573519773510915,12.228405007103058,10.967887144681589
8.467267941777234,15.416987262734168,13.13462416878377
10.721269971413397,18.676712059067107,16.861154721379958
13.143952976998495,21.098298792192352,22.468807134899365
15.29302726077738,21.29176658926307,29.552579250498667
16.50459459995542,18.187407116269515,36.50269361202993
16.186191160720984,12.29446218850614,40.998468569925485
14.28268644779838,5.904955945827542,41.921202352115024
11.362583958015279,0.740358667814057,39.890929283913664
8.157636307696345,-2.256693253022646,36.56142213689423
5.2524840222773115,-3.5592792315930737,33.17882839906739
2.908880133314865,-3.902123190690107,30.19251720781695
1.1462811216739839,-3.848943396965216,27.64931781261285
-0.1310620229302173,-3.720927412061104,25.47184784258796
-1.0543722301039873,-3.6788848584521516,23.57903117013671
-1.7451423363986704,-3.7934608276438078,21.919283276524048
-2.3132897528446352,-4.094094391986675,20.465286371327476
-2.83861182375382,-4.5981048198699135,19.21488123015984
-3.387753146382637,-5.320761990851457,18.182488955331333
-4.015186338105412,-6.281360029967104,17.402426320897412
-4.761472774328743,-7.503714505159357,16.93628315064359
-5.6692620429232425,-8.991779984942102,16.872040137288415
-6.763841511969452,-10.731791537560051,17.344055227819226
-8.047612883138749,-12.629589409403113,18.511582546202124
-9.48866668896585,-14.469908140106835,20.52301027867894
-10.983165627621291,-15.870772870789787,23.44864417709206
-12.34101238540014,-16.332140441507974,27.11381436161887
-13.291056445730264,-15.41226460762334,30.972539157751733
-13.56370404491459,-13.129511819264925,34.16342895026326
-13.028435955300099,-10.046679291009472,35.97076566977092
-11.795801308978758,-6.7484270429584186,36.21681024499056
-10.099873581127405,-4.02589419373411,35.115547158454206
-8.25937850341267,-2.2108864619413966,33.172449621648035
-6.545687095718484,-1.244984116584526,30.97796417545011
-5.1115940930306225,-0.8865215372843616,28.766435346361668
-4.0119637389466645,-0.89984664211425,26.668408931963768
-3.231263850082854,-1.1164711494554143,24.720608958327755
-2.7265366642307693,-1.4475244320210976,22.92810695513035
-2.447679857275114,-1.8529996334909395,21.286966129957207
-2.3563414270222447,-2.325431863255465,19.79377260601761
-2.423107107591579,-2.880927327948047,18.45015898375561
-2.62953535799159,-3.5522573789267495,17.26489720977981
-2.9777084407863263,-4.376814086902598,16.256542569301423
-3.475345540702349,-5.403108181068397,15.460585387300473
-4.143343325570006,-6.683466546224846,14.934372391941402
-5.0105317829931,-8.265679902473789,14.769993405838887
-6.105657790463765,-10.166462649807677,15.110126345386826
-7.447961028141862,-12.344750119150975,16.145809704272825
-9.031969352931107,-14.637734725524098,18.126843141657165
-10.77197332575513,-16.65673193292713,21.224989097147763
-12.480046382810434,-17.793872110350858,25.42102552323825
-13.830981854598178,-17.317779991885867,30.18865786262959
-14.451827440824689,-14.913719853661682,34.52445537209634
-14.073716214446586,-11.060183414292606,37.267117975171786
-12.724787466100564,-6.992206290887232,37.95323092678202
-10.738042200300248,-3.500261482493001,36.80487500610476
-8.520612138625697,-1.1831885112476606,34.59091902289659
-6.434306459822025,0.029478581365308454,32.03321103560481
-4.683595398769753,0.48893199777408514,29.5221198283105
-3.332143059214867,0.5194578899627145,27.192444691933535
-2.353906814573662,0.35179156450754034,25.065102559361463
-1.6843459485367822,0.11319894545827293,23.12402672061264
-1.2523328537432479,-0.1362239026189701,21.34632426912076
-0.9961971052764022,-0.37690688203907463,19.713170262344107
-0.8676568079722569,-0.6121599409327634,18.210540987993337
-0.8342026483822419,-0.8557157517253735,16.828178004726485
-0.8757931045553048,-1.1273542687791784,15.558534247095558
-0.9838509183149053,-1.4503246246098809,14.396621327705992
-1.157346051699336,-1.8534584705906996,13.340460803322944
-1.4054130279679924,-2.3698633504016504,12.39238006032608
-1.7434810824291882,-3.0425653709862166,11.5626148014169
-2.1957768728649136,-3.9259019708596963,10.870564065688264
-2.7951076766627563,-5.088955495087825,10.35671387180155
-3.5872608381920355,-6.609282363341619,10.097647450126713
-4.625574262341884,-8.5530109593936,10.222590997138045
-5.975908031403424,-11.03604677914489,10.932695599772009
-7.681712401537308,-14.013584738694083,12.544397682560948
-9.751013900540547,-17.20818965031961,15.500590284562392
-12.080367762266942,-19.995163728396548,20.20513261685025
-14.347489556123287,-21.19498316713073,26.611127203822655
-15.980929672418268,-19.52933454210558,33.660394652354725
-16.325192014554435,-14.936868084341162,39.16067177576236
-15.11881900457744,-8.694856938991371,41.51960661376511
-12.639108213303079,-2.9405721091248704,40.642774844904395
-9.556622684798926,0.8930660312403826,37.76696686390809
-6.553106227000895,2.8085481295897696,34.41584583146433
-4.01670875917726,3.47298617711574,31.285661970314447
-2.057501620381974,3.55051439210553,28.576709469459008
-0.618506720396395,3.4294373571346424,26.248729430694418
0.4160093799997292,3.3272878854455428,24.223501388127374
1.1689477132483326,3.344572174811136,22.439615274820486
1.7540300203500425,3.5250202188134856,20.859931162062907
2.2582847265223682,3.889387447928454,19.471087099365
2.7530443890158467,4.453222102146422,18.27541839824637
3.2960420795758436,5.2361440585476196,17.291954466337756
3.932064304928529,6.266647925929521,16.561422900430596
4.709123416000882,7.567217396081579,16.148105298721507
5.661260000708606,9.162242443187274,16.156485922865976
6.815309340538389,11.027206489469345,16.731587053792406
8.174684119871015,13.061663086610675,18.03339852814305
9.70834087656604,15.017581877228269,20.285517068899246
11.307753659570121,16.476955829501776,23.554862671032314
12.739313468168055,16.874257128006306,27.586296770219697
13.6935659929737,15.69197064644256,31.75211272729596
13.871074733127543,13.028153335496032,35.04546308649382
13.168982716747124,9.434901294523616,36.75301399754309
11.708138891127577,5.890353414295774,36.68234930419055
9.804111808215545,3.135022128237206,35.23219871538948
7.820784970242725,1.4201404528979948,33.0836184083496
6.030892616544042,0.5782351885732133,30.724360032427654
4.572774671697627,0.31587629407991813,28.423373066185093
3.4729257718501163,0.3798858495515189,26.27522621775826
2.7001421276542965,0.6122856716586882,24.297673162492817
2.1987116207634654,0.9248210545925903,22.482626620343712
1.9170318097224919,1.2798759279083662,20.81859672954159
1.8054079700716965,1.6758769605692287,19.296519580198634
1.831306033698127,2.12990108219856,17.911952491088545
1.9809929180790817,2.667605953665114,16.66586865580021
2.2457161582997185,3.3297127307624272,15.56660739028116
2.6355020404442193,4.160294547322649,14.632143730912217
3.169015696261153,5.21304042423644,13.898117777075374
3.8738565620414023,6.542796181816497,13.426739271249465
4.788445062191758,8.222822921246985,13.313889015459058
5.949798959754309,10.284109615371655,13.718381924532977
7.390604704200291,12.683132655703586,14.870996336285621
9.107660888015268,15.251494612909124,17.05177117933699
11.028806515949395,17.55133108622799,20.54658365360103
12.93038460230092,18.843871840400777,25.31711921993178
14.435653659768867,18.25265691213998,30.792895036670615
15.077304957982285,15.392475254555933,35.64393230762209
14.560339840297,10.831001880652947,38.55827594499916
12.935956261689117,6.056671329615213,38.98350566612439
10.606615034647037,2.288426808837977,37.40913645228783
8.102143161944614,-0.04554438051114085,34.811412565640424
5.818270403874992,-1.1565519473630652,31.99741377665724
3.950107465631612,-1.5130123299083895,29.345777406303228
2.5321529918697023,-1.4875745850213915,26.949690219140553
1.5106707085018747,-1.3222929921993245,24.79633606165363
0.8018301492969973,-1.1459411349837303,22.84910776586431
0.3156548013399739,-1.017060652288425,21.0752694756255
-0.01968576925396459,-0.957069115373836,19.450995378362713
-0.26307340042154354,-0.9701575595425712,17.959487536901836
-0.45633244609161394,-1.05752953806174,16.589234635779373
-0.6328904534262373,-1.220917758811705,15.331580051591354
-0.8168768104334102,-1.4691323489276527,14.180833543515913
-1.0312370478652049,-1.8167745619033133,13.13413360739285
-1.2959291473976515,-2.2896768522098965,12.192905757612682
-1.6357785362231543,-2.9228533681758733,11.365424641012789
-2.0796353642152545,-3.765134052579093,10.67002817978927
-2.6611630693765544,-4.88329352667173,10.14373038739754
-3.428012161763559,-6.350961962960961,9.856759237234407
-4.436191845532821,-8.253265275958187,9.927759850125465
-5.747299754898423,-10.687995278529627,10.548571699091543
-7.413230957797367,-13.623571518992454,12.03688081314371
-9.456383249844729,-16.861869975799074,14.817322626501802
-11.792749488377357,-19.80326276612298,19.348396374344574
-14.12974951579318,-21.343202022354184,25.65051201105509
-15.911116509860221,-20.124284002258406,32.827893490529284
-16.45947259841906,-15.724086593588535,38.76452028545192
-15.415800428424058,-9.335361189902052,41.60132388218299
-12.996325574838842,-3.3448619051491733,41.02962407579104
-9.886958144519033,0.7551795047234213,38.27553990089838
-6.8050650201358875,2.856875422468716,34.86993702166813
-4.17623188942242,3.627336212025527,31.670719108311737
-2.1291240215524674,3.7390134637655392,28.904616933945324
-0.6206631776077489,3.6256822916753113,26.541021659561842
0.4642719045177044,3.5185181532029293,24.495315561563803
1.2524082816927617,3.532060156328593,22.701178268335177
1.8662038924163806,3.7126352265673677,21.11911522740706
2.3890946675950766,4.084099087398363,19.7361352750949
2.901945102690304,4.658759085358302,18.552193558343784
3.461045847648078,5.456756298658481,17.58908301086721
4.113990069166497,6.502327622887047,16.88924824439905
4.907165605813229,7.815218922689606,16.519963944375245
5.871870086464506,9.411802214910404,16.588339161832742
7.033546659198368,11.253187494154094,17.235797657496075
8.388088109069562,13.223429936862509,18.6204191105783
9.898405835164194,15.059969521873285,20.9477139755776
11.435913201909514,16.343333030141054,24.2158161156315
12.766542577707865,16.513917849170713,28.15104400854986
13.594184519546069,15.187241380504117,32.06953226064574
13.657279996522618,12.484935421067226,35.062393813459565
12.88297248211636,8.998054123706206,36.49934321458953
11.41313130490807,5.6674187417578645,36.27123088610251
9.555949952224523,3.126124581469942,34.79274896183228
7.656330450662423,1.5583243462582543,32.684159771566186
5.958075539809402,0.8049996656644547,30.38565020499101
4.583913978722766,0.5825920305020257,28.14844034818192
3.5534515778469578,0.6698909526667419,26.054239885771484
2.837380487037836,0.9215368977601996,24.122711030509127
2.38377287836608,1.259179404791605,22.34870380041883
2.1459319884408488,1.650718536014582,20.724313787415312
2.0774112462095755,2.0997260586204662,19.244169024396125
2.1519304180975056,2.6255092367866686,17.907747919206123
2.3595943537987423,3.2573654966593732,16.7212129393706
2.694955176020392,4.040287232517727,15.700733587230665
3.1723092238957227,5.021814919848152,14.875359478403748
3.8140602990559582,6.256034773449295,14.298046814732167
4.647705002965654,7.784886418800229,14.054014186092909
5.713847061463297,9.670734756377282,14.278915630684544
7.040546967203724,11.910012517535348,15.16467896452844
8.625390575556903,14.337957755698259,16.955397511257043
10.423092315287786,16.624800878758965,19.917476344629417
12.261097081722806,18.14284765350675,24.122463842623464
13.826444228773653,18.116480169190304,29.174815847378706
14.704597491754622,15.98501588208503,34.05610672336295
14.540473689683074,12.198209136273785,37.408646609931566
13.312462967391205,7.67947970956858,38.538876993536924
11.291282852619346,3.7208438272311657,37.58466541652795
8.93440205481073,1.037981454515073,35.31990608772982
6.670924436271363,-0.38587035470484077,32.66269518404097
4.751792491664889,-0.941356475234292,30.035048548626648
3.2589762073220543,-1.0160303161115667,27.610959896767227
2.167645653777785,-0.8720684951970424,25.414022412520826
1.407236430383041,-0.6621774832523109,23.42056953706179
0.8996953344100749,-0.46045157259332553,21.601405946285006
0.5704821468781224,-0.2933702322347932,19.93256589906994
0.36510651641765074,-0.1656575922834374,18.396965968781085
0.24091852454305934,-0.0703401098506696,16.981387430390168
0.1706063807319359,0.0010840364571325367,15.675497112436467
0.13463768116634384,0.058432825685723465,14.470320862287142
0.1219249537915049,0.10939727832374908,13.357992235249908
0.12562477675060613,0.16112646847611037,12.331361321662765
0.14261055737811112,0.2199540484464956,11.383923035259286
0.1721403616160675,0.2923759145466607,10.509757927881772
0.21549884708350603,0.385744613684774,9.703541346932608
0.27564999253600336,0.5092347365769877,8.96058270157275
0.3576553608628864,0.6746614050485158,8.276967746426033
0.4691684666261975,0.8980163661650029,7.6501014808776855
0.6208839042230723,1.200334993199967,7.078677182181659
0.824658516339351,1.61346859500002,6.562815822768332
1.1010162868629005,2.180507146830456,6.11004017328723
1.4800218749775096,2.955586507080153,5.73587135312089
2.0006506754227797,4.006622235450324,5.474508158307333
2.7095284473235006,5.44878654908481,5.370270178506089
3.6719535185269887,7.409235860538532,5.537682062216791
4.975323862646594,10.00725602143475,6.194287638973007
6.711580430437309,13.322509340333111,7.681201484178526
8.962183147814821,17.3149600150285,10.56423433870821
11.690279894884975,21.38976667235208,15.528612482355683
14.631207795540483,24.175691189178583,23.086846868645424
17.113468019501713,23.511917180932922,32.44756180902025
18.145604568771912,18.07744118276825,40.79232775410853
17.0198993401657,9.8417153910256,44.84484435867182
14.021571206851933,1.835854819923628,43.9898022019023
10.09026814277974,-3.3361006473600847,40.265135859348284
6.238038325577092,-5.708772821771929,36.08566322905512
3.024476522085446,-6.402925954675595,32.51086257415991
0.5746081763549991,-6.385129459795099,29.691665679017408
-1.2053274281260584,-6.200759758962761,27.477029999507753
-2.4857908366077033,-6.103060619073608,25.697526487645664
-3.428104658253089,-6.192023005974741,24.25094619305583
-4.183426583413156,-6.502011184326333,23.083554795762627
-4.85137961634301,-7.031423939224562,22.191645647525906
-5.510533800193005,-7.76456419549747,21.59172557093369
-6.216594924077778,-8.673082202516678,21.320190921038204
-6.9916446117253095,-9.716442355774511,21.43506859153693
-7.846653535819884,-10.816272608901803,21.984994534052383
-8.760664102056742,-11.854301223048747,23.011713242466843
-9.679179111329105,-12.660866386647308,24.51926029824679
-10.51635736433842,-13.048843624366567,26.401327848166463
-11.163724596713296,-12.840648383794901,28.448715014316033
-11.49757658310928,-11.999291594257391,30.33042153246064
-11.443748028939154,-10.621308457295163,31.74170962427425
-11.000794232647428,-8.925350764718193,32.473351351792935
-10.23037053349314,-7.242142323899205,32.45717262432167
-9.255892731409137,-5.8178236312788965,31.785896908668942
-8.21664148141918,-4.798179657314428,30.66402075236574
-7.241816433087891,-4.1933533826929015,29.30189056543466
-6.412418154655346,-3.962617863237315,27.83644328177336
-5.7779398015062124,-4.025483112605789,26.38141937631248
-5.354672998357414,-4.285419663223886,25.014787803108902
-5.1325313101348575,-4.718160947967179,23.767592314349795
-5.101967888023095,-5.301462388119848,22.675812396881703
-5.248162881718363,-6.029030996635619,21.77503461856728
-5.562189135237886,-6.90250963529431,21.106896658407774
-6.0457468690483,-7.91765430472476,20.722391230754948
-6.688605785777217,-9.056293360988267,20.684844830964554
-7.467970498511852,-10.284229299632626,21.065070333398275
-8.361665360310255,-11.510553349276762,21.92913491707748
-9.328490757698884,-12.576081983691065,23.33150049701039
-10.28317352383728,-13.288394759147874,25.22006052860127
-11.099528864101421,-13.425401158378959,27.429346731802273
-11.643838578412602,-12.838687780183696,29.656107864063294
-11.7912261719815,-11.577741890156432,31.503461052874705
-11.49976258214859,-9.820416966922593,32.68046034570663
-10.801263225925746,-7.907682053444644,33.02671058086247
-9.811746265613479,-6.186845715753174,32.579668732867596
-8.68337736720272,-4.871906400197193,31.527716024842555
-7.573396282634012,-4.035827020339621,30.139840403758782
-6.593394776157945,-3.6297087867659403,28.593568334087127
-5.808972877951261,-3.5761662311304008,27.022075253009703
-5.24991321450507,-3.7572322176169335,25.521855610005282
-4.908536262607704,-4.121987218499915,24.132012452766872
-4.772582331843577,-4.642353746888186,22.884369055878796
-4.825769344473323,-5.3070979563616465,21.810504032208446
-5.053930933562573,-6.120093576776661,20.945760142020823
-5.458434362860971,-7.085284060416232,20.333527843169605
-6.033541582653032,-8.201758393334071,20.03342396207154
-6.764169305298674,-9.46004103226499,20.11913583761095
-7.642211582012295,-10.80455225277954,20.67477638018843
-8.644919997552254,-12.121412207204639,21.790173636007783
-9.70680177892061,-13.227257963091585,23.484564402075122
-10.722723969156647,-13.875066348859237,25.696251095500237
-11.549834395484055,-13.81482281451459,28.189973388267607
-12.029668216355226,-12.91404677623004,30.58060998115646
-12.046419012457925,-11.252942045704522,32.4480060709077
-11.562422889849456,-9.163402084247322,33.44343390295628
-10.655795129351919,-7.096947015975108,33.50171008995362
-9.4842446208696,-5.357243036871854,32.73688530739667
-8.234022905981982,-4.117149007122637,31.421566133843605
-7.059386026258202,-3.404890250276077,29.81327467462905
-6.065658653792077,-3.119546616975834,28.123708029943387
-5.299980958498774,-3.143305112955197,26.468249980008363
-4.770298231791356,-3.3948865748928365,24.903225970978454
-4.466428307100377,-3.8155242809455694,23.465554944094173
-4.367595628841321,-4.3805815307464595,22.180930939838824
-4.464280729211622,-5.081465882797932,21.074335483887413
-4.741502086845876,-5.929398695450613,20.181252602726534
-5.183412476021409,-6.947604157778249,19.548576666715622
-5.7987537187818745,-8.142548910439075,19.23902527446279
-6.589651056525357,-9.501394107382625,19.33512296304962
-7.543619396940862,-10.97193294875776,19.934973712934422
-8.630698279626413,-12.445830775160788,21.128834115587832
-9.796356042046018,-13.697332843837723,22.996240802968554
-10.929258324699887,-14.449082116100168,25.468389821873185
-11.859320107399435,-14.394522179824689,28.2925026643725
-12.402409543031634,-13.364197797168716,31.010278971795746
-12.407168630025334,-11.50039940225967,33.07942832699609
-11.850271399523777,-9.123946737784195,34.15406375255749
-10.81605183098205,-6.765622623720077,34.131212493115505
-9.492953402552967,-4.83262943380575,33.18557020131303
-8.092829254772774,-3.520327607440761,31.671305639335202
-6.798792495033131,-2.794450089364503,29.904177058267752
-5.7162523547187645,-2.541419006552176,28.070823397943276
-4.895484127222871,-2.601421222261226,26.29771441324215
-4.333038453213293,-2.8681624748271486,24.635428680388415
-4.007888470354384,-3.290578277896546,23.10807475912251
-3.893887571074343,-3.843820401678983,21.735326583050668
-3.968619008052779,-4.52892742081697,20.536787697304856
-4.2248995136391425,-5.357676779180777,19.538901105724754
-4.652975023930174,-6.356889601960762,18.783866997453245
-5.25194330143558,-7.5517203686463805,18.33084960541997
-6.03475697047662,-8.95109030259398,18.26348279303427
-7.002349562961442,-10.525039550364216,18.689851360521303
-8.13889780716415,-12.190849253866237,19.728405055613585
-9.404114360651118,-13.752161959354993,21.504073129516513
-10.704333126227299,-14.903149637582631,24.03986204332281
-11.868003089192767,-15.270703287019096,27.144782571395933
-12.680468826535916,-14.526419839011314,30.38481700217167
-12.925458218020252,-12.6867746374476,33.087200735151534
-12.513261825946705,-10.061035938992429,34.732766080744014
-11.493656034168154,-7.272891921793187,35.072593163382415
-10.06470894169706,-4.895346451317458,34.25948106484588
-8.481153167594035,-3.226958424047691,32.69259713236167
-6.975889798201991,-2.267664143900009,30.780030009149904
-5.691712273657961,-1.8866963451335648,28.770647414308335
-4.696730816086454,-1.8693549420802322,26.830161049896304
-3.9881650107160587,-2.0783818552552953,25.01044681277244
-3.539651334737231,-2.440638668036537,23.329812494266154
-3.3160863478990916,-2.9180047500580724,21.79882096189154
-3.2892985493617823,-3.5030618624749374,20.42649968565894
-3.440341246180875,-4.20915075331912,19.228002985719797
-3.752648942483185,-5.069734671806482,18.229247110567307
-4.23205038721674,-6.118097486632378,17.469679481615515
-4.889518417800751,-7.3870660984288,17.012469330589866
-5.734927739670131,-8.894854641121528,16.946681284711346
-6.786416343116414,-10.636815871538165,17.407996546527446
-8.044343489242713,-12.534689789025933,18.557560764502014
-9.461998095711497,-14.367423819101068,20.53255425589577
-10.9397169117135,-15.779554489869009,23.413121512780425
-12.283810464482368,-16.265187239393228,27.01788971459098
-13.233554125081092,-15.413259629357626,30.829077648163924
-13.52236499380272,-13.134257211500463,34.02322635853429
-13.01109104243593,-10.038834367761902,35.88162864982108
-11.789171127348585,-6.821011537724671,36.15301730315651
-10.114242798576793,-4.113307266273898,35.091218485825706
-8.293630123655038,-2.3033037205559355,33.200657713486336
-6.593031588881839,-1.3247592851392747,31.019342084133353
-5.1656202051126545,-0.9497574831029628,28.818964675358586
-4.066733225756543,-0.9532462446098651,26.72610651382854
-3.2849758647351677,-1.1656015035422203,24.780893084491087
-2.7789100983835446,-1.4963947746980677,22.989842441767316
-2.499763340295575,-1.904458814754761,21.350216569403532
-2.4083394675904497,-2.382665835922913,19.85911204225433
-2.4779187095267194,-2.9452647381214807,18.51870523122085
-2.688161913930249,-3.6262078483901865,17.338595690173477
-3.0415048349486224,-4.462772966361011,16.338130752509016
-3.547018811233324,-5.5025039931355355,15.553890853082997
-4.223788534627448,-6.795304742368566,15.046012257481062
-5.1014314281914235,-8.39146585759123,14.907757471612369
-6.206857727616357,-10.301255644373349,15.283713553289509
-7.557119277165984,-12.475657131713334,16.364717796743555
-9.141040679626284,-14.736153706545243,18.397562429766424
-10.872721149243473,-16.690700886212984,21.550043861921484
-12.551205648741785,-17.717575685201343,25.762840682942873
-13.850129115752791,-17.135553366409603,30.47734010775186
-14.403503428042681,-14.667793921174702,34.675356021743845
-13.965144545995292,-10.788224709099238,37.25600804720352
-12.581126578451835,-6.7133796789387885,37.80113651577237
-10.57566068639394,-3.351130254593236,36.587059081646665
-8.375380983803293,-1.134925519780126,34.36396661338125
-6.324610345212408,0.004109225757683049,31.818520474485684
-4.615320609887236,0.425223538311265,29.332381022034333
-3.3006631560845863,0.43687374971291526,27.026163019713874
-2.3533886431578264,0.25949383841596685,24.918964292317177
-1.709069655405941,0.013886459583663378,22.994560404427222
-1.2971327091869633,-0.24421985469768687,21.231215193836764
-1.0593569362584485,-0.497283992901781,19.611210371294728
-0.9477243059370933,-0.751248717465469,18.12113805903386
-0.9332885089913084,-1.0204592418258236,16.7516499558936
-0.9963443193925474,-1.3276989224087772,15.496085601677434
-1.131132248803247,-1.6980029999367185,14.350744194917901
-1.339084629019839,-2.163406790932407,13.315887640289462
-1.6307787644629772,-2.7623154099564866,12.397057897789429
-2.0258733475728823,-3.5423804264923735,11.609323085432912
-2.553517409459503,-4.556532066535107,10.987144142120357
-3.253314425450531,-5.880354317764754,10.582474521114273
-4.16662345103354,-7.625479117400966,10.481156576084716
-5.346833024753556,-9.848560146166667,10.860574114201599
-6.860196383930681,-12.545862142313553,11.992697044668853
-8.740955545992106,-15.607632555593085,14.233925966859548
-10.942076884814854,-18.61399778693552,18.03914600300113
-13.246237518111812,-20.662231005427905,23.56824527711616
-15.20960224322605,-20.48895070575694,30.333168823213473
-16.2000777212805,-17.253691442903893,36.654315289803506
-15.733772947268116,-11.552649130530298,40.549197741831314
-13.815529560114424,-5.52314292957546,41.15217872887641
-10.986095762223762,-0.8601758900579315,39.13324745856823
-7.9509593383239885,1.860434925575186,35.954193052371394
-5.221779354254525,3.0435911067682415,32.713914925312785
-3.023991757981266,3.356347335898742,29.81969467780315
-1.3734433725123179,3.3023150454542987,27.320300597746808
-0.17949090007685342,3.1697586596046508,25.149345419958486
0.6780449384536171,3.1108540961072744,23.239997643239008
1.316612736359156,3.189564386435998,21.54504532903885
1.8305871607208164,3.4354839535759645,20.03997363249074
2.3014317814697067,3.8631063019724836,18.716455826409373
2.7862948802817407,4.492389848301425,17.58388359458535
3.3404361287817306,5.3444197132682385,16.6654135326345
4.004660621235979,6.4538069699800396,16.007694147602827
4.821807713740511,7.849265312466035,15.686097870588325
5.831605966863907,9.543454405172268,15.813467147764186
7.05836074277609,11.519998252479265,16.558199951884415
8.50043771994055,13.640753466701685,18.11340396011314
10.108151856077312,15.625903646226787,20.65777665365077
11.739563749446244,16.955108153626963,24.245598762575227
13.139913478738851,17.037961141778236,28.54879970646178
13.975433054461382,15.42051418249416,32.78438218214465
13.951624946302408,12.350634040855129,35.88797977478809
13.01588554062115,8.525646095923333,37.207893460020074
11.354936962880563,4.98410980473276,36.719078918954004
9.327717204438034,2.3934544062158825,34.947382302454564
7.304694235622658,0.8831192308616334,32.63747920569328
5.533219559054922,0.21109114794785344,30.21504391180836
4.124879934362055,0.05955917899244897,27.904540033480778
3.0829757509869116,0.17735077471811872,25.769120558638825
2.36186327970826,0.4260706515403998,23.81031870535087
1.8998168120714072,0.7303889912370984,22.01427227962668
1.6421130266242676,1.0614488564333433,20.366837403451783
1.5396543611519884,1.4220659333755048,18.85727832470416
1.5632485935274576,1.8288572705781987,17.479568103566347
1.69615333269776,2.309404016889013,16.232318817290757
1.9323531374916183,2.9008081002385047,15.119988938314474
2.2812437285137386,3.644938470700513,14.15539274777974
2.7592350829595675,4.594585766856063,13.366232655973223
3.394867625045539,5.812279549445352,12.79891439002434
4.224766740858686,7.366083554194789,12.535321967553063
5.293433697123084,9.30781959968701,12.713872351249648
6.641779669693914,11.647339493585129,13.535846376762287
8.300911806424184,14.315840412424112,15.303988250208633
10.227519237653041,16.97563779381464,18.31900764364665
12.27220835073394,18.97869672404028,22.788193359506078
14.103372285653165,19.336696193918048,28.40574031044342
15.24172513377873,17.28437706749379,34.094851136529165
15.232508582514427,12.992756465894402,38.2185023083682
13.953367214858654,7.950246299317266,39.74030366772949
11.744381222412057,3.368494733083182,38.77066692203158
9.120464047038386,0.29366345548781503,36.28822097533414
6.587820259231029,-1.3103731721376464,33.36285070057656
4.441415700568871,-1.9164121261875735,30.535271133520478
2.7753241974874046,-1.99897959166973,27.984580113272873
1.5525394337490388,-1.8720519550603212,25.713041398534124
0.6867206703586617,-1.7136904456163864,23.679427557207983
0.08043907224629343,-1.6089934936305308,21.841354997564217
-0.3532149136589445,-1.5940617193656137,20.16889756370679
-0.6844933538054049,-1.681939097964052,18.6429906217549
-0.9674141393293888,-1.8798721665395508,17.252131195577245
-1.2444687311170466,-2.1973781247114315,15.990597701102628
-1.5499440321919977,-2.6522673568750963,14.858678578271215
-1.9165767474460194,-3.2714939374901704,13.863775427800858
-2.374366311062826,-4.097151485895879,13.025194824718774
-2.962600222841427,-5.178623076429299,12.380205173151225
-3.721498876173148,-6.584253211930822,11.992989870153405
-4.69730399640323,-8.380887949581501,11.97692615525209
-5.940780277848889,-10.596216343485318,12.505658736615244
-7.495145364799307,-13.215541043876694,13.856420581918906
-9.373501906536813,-16.07456143892942,16.37552706213434
-11.469726589001255,-18.615294407449795,20.331187536548647
-13.53858989261791,-19.915789022410085,25.79362556779118
-15.111522484984619,-18.925780094286427,31.928421304929955
-15.65919858389587,-15.269672913299813,37.17548460349588
-14.855984771670382,-9.94438605256525,39.93832624732899
-12.85273882874079,-4.79213899549854,39.88116648162934
-10.196902004419456,-0.9093274384806231,37.73341391609887
-7.45902326837731,1.2793730710834232,34.74848122133147
-5.045550165792729,2.218712334677455,31.75385008040388
-3.12129780823651,2.4460001753712852,29.038232614716353
-1.6851492225139761,2.3690918207768354,26.64085706397921
-0.6544023684041287,2.221341421928819,24.51638765929569
0.07635525462033288,2.1238813915980455,22.61454814774824
0.604821224408487,2.129105451167587,20.897730263650633
1.0149294960870043,2.2584877428616044,19.34260209270043
1.3700589090536224,2.524480259708267,17.937883704591588
1.7227710575706474,2.939780750286882,16.680380524346162
2.114030658402141,3.526675967108832,15.576350108736273
2.5824782903301546,4.317140828165827,14.643880364519081
3.168341518894736,5.35320542786971,13.917760500391832
3.908751835870221,6.691307550599182,13.460664239431132
4.850462340499357,8.37651776679678,13.375333012749678
6.0381048677782605,10.440116290156228,13.822799483038093
7.504297282368294,12.86085311970895,15.039133019160726
9.238465576372196,15.41994794394856,17.301112755078577
11.159499613237127,17.6753724282973,20.862655461793743
13.039789580860113,18.83634771374091,25.698012374544476
14.493480047395941,18.06961062567584,31.161405322533362
15.063265673840606,15.053977036466158,35.92073733700353
14.460982172392224,10.610433037622151,38.633573603168074
12.802287893547422,5.872285402599017,38.91343703931314
10.473557711798435,2.164255939705921,37.22432076146566
7.983459555323254,-0.08319121588570921,34.58313103349516
5.728303881382487,-1.1384872489713904,31.79152722787157
3.8939499241859594,-1.452470712658298,29.16353805736175
2.5087138555307047,-1.412950907947171,26.788909581556346
1.5143064591443351,-1.241518804064727,24.652789673864767
0.8245629186862955,-1.0610461535446005,22.719007819355653
0.3560325995926492,-0.9270976088336422,20.95585270653573
0.03413992431704993,-0.8579355043918195,19.33978682725894
-0.19536362593829806,-0.8577606029758137,17.854940731900516
-0.3748783265392721,-0.9253300525984577,16.48947153177797
-0.5345939559652934,-1.0621725052100601,15.234656690564854
-0.6985541238252564,-1.274155677779675,14.083994995386135
-0.8863672563573786,-1.574672758214895,13.033572396495018
-1.118238015809186,-1.984319555382444,12.082680706191645
-1.4138931999575133,-2.535879355979099,11.235868485743493
-1.8006920911424413,-3.271438552044458,10.506548666296583
-2.309909740196577,-4.250600605422585,9.92049505284962
-2.9809122959814074,-5.550138900657724,9.529618933180338
-3.8677800708372816,-7.249015077159335,9.428877882067502
-5.032429777044274,-9.435796367455849,9.777002847881374
-6.5417131322675965,-12.198363682425324,10.824481781588556
-8.432520377988524,-15.411784100160034,12.959910264244872
-10.690165992879988,-18.698624292873664,16.67696460696028
-13.130970637111446,-21.147731629994166,22.315161974360485
-15.311727049978707,-21.3983678285896,29.469863597972363
-16.552095152470546,-18.338386017553642,36.501154769386304
-16.25163670957805,-12.467049320033187,41.06391044194675
-14.352382507844585,-5.810413161739583,41.96133692442292
-11.384087086376152,-0.60871058209095,39.89337511188877
-8.137394573131509,2.3948790270417586,36.54656812121725
-5.206559063868895,3.652393515580538,33.13067561177493
-2.8536828128443803,3.9776600616248206,30.141915769137402
-1.0864390785640832,3.9178086175849076,27.605067370207976
0.19359070884701224,3.790789889995364,25.43721310371624
1.11761583186746,3.7531796060135436,23.555831245962082
1.8134241786665986,3.876442674709352,21.907502246774865
2.3869847177297316,4.189181866214249,20.468012532914308
2.9188962902138855,4.708646985382974,19.235318390836
3.4796869949091316,5.447711591455192,18.223947154825563
4.116692788047969,6.429478245550632,17.472875688436083
4.879265132774712,7.668039621345382,17.042220981757886
5.802686118470232,9.174608963794313,17.028016264589557
6.908222010746609,10.921009689512136,17.562456909623187
8.198486936615552,12.804016942111137,18.787837083937376
9.631855024849806,14.590237939879588,20.865622077914338
11.112103256169682,15.8830583121125,23.870658415225684
12.434581779974407,16.22518566052462,27.55250466704092
13.31262471601025,15.159546335330987,31.334667206130263
13.494540428653247,12.789336030224536,34.363775033688775
12.880860906434119,9.626930058855613,35.99310930364065
11.585855374828117,6.389132531845566,36.06012423454208
9.8695372964021,3.79355402511992,34.832432188822395
8.045659212198798,2.107786204054424,32.87172749690805
6.373550316565555,1.232532526387209,30.680505967835675
4.9895186650909515,0.9371312650438308,28.4894121234665
3.9396161799227896,0.9808868503353907,26.4186079543342
3.201479750679206,1.2167520426174012,24.497718677384697
2.732335169056299,1.5618867321642684,22.731223391766058
2.4833709154747066,1.9820772738095023,21.115334096012976
2.41943695734496,2.472581179661875,19.64802076112405
2.510427190832907,3.053849481476816,18.332643441405573
2.743580794764114,3.7579977059885223,17.17991876476589
3.121314903045037,4.624663678547817,16.21199512317669
3.6524578416195386,5.703056828172997,15.469018039173912
4.360714472844313,7.04534446009682,15.014123628208322
5.273822463166564,8.690922244479072,14.950398765945522
6.418018215977665,10.64622502094774,15.427745228519976
7.809390050952196,12.849714775348843,16.65477122080513
9.426335544686674,15.093218003824125,18.864930853272217
11.161368736709942,16.937579236053875,22.19702247902665
12.797683002397383,17.73746498933153,26.534202235623063
13.995112234624113,16.82868575735295,31.23831126997905
14.392495197365745,14.04122997719966,35.232142254478156
13.784785702800777,10.107502565096421,37.48834526216295
12.274849800880972,6.169080046977507,37.712650898883346
10.228314407466074,2.949355185025888,36.27714180105145
8.04161289772918,0.9263258588099603,33.95847369553531
6.042693754970449,-0.0822841419157454,31.418283698184638
4.397561343363627,-0.42014231896414367,28.95922393757497
3.1472978571384695,-0.39144747692594595,26.68715416563922
2.25430730715217,-0.1970433941052969,24.61144486866666
1.6523774196633756,0.05456895281328522,22.714699770210018
1.2738009450792234,0.31517558635657844,20.975743834177642
1.0604874139935117,0.5725096066897855,19.37763776144391
0.969311045549726,0.8338986186256508,17.908057676484113
0.9720868867506492,1.1162219286859993,16.558202187584634
1.0524487678780912,1.4427284628952308,15.322164190818722
1.2062373730543925,1.8402566749588036,14.197241841090838
1.4361561946861643,2.343288156163787,13.185088667254687
1.7559722612367894,2.991750569090529,12.293445524147485
2.1868726129113614,3.836531654354155,11.542354001508293
2.760966988264014,4.937546598406043,10.969678050640653
3.515578974210488,6.384380365580987,10.633213434901007
4.500112581766956,8.252747440372211,10.655451958311955
5.777346172393695,10.593864211913807,11.230504361207482
7.39510428887767,13.397461697502525,12.64315465750725
9.375227882891608,16.497948656128745,15.306152255725515
11.619710790779454,19.311964683300133,19.57333833435395
13.861019766254497,20.81988180060364,25.527152464604118
15.584784154748627,19.755046038238394,32.30330429371196
16.17436437165179,15.634769265142317,38.06584219326312
15.255087231532256,9.777786874098696,40.998313352398
13.03115029219212,4.100770397590025,40.70808289608526
10.11425876813141,-0.006080800447699097,38.219234178315595
7.155507985161674,-2.212241534754219,34.97087244105108
4.586296470539547,-3.0880276522536834,31.827576012588004
2.5648219867979205,-3.260038582584363,29.05669237639158
1.0651723369926938,-3.162337302590786,26.65745570584418
-0.013006804002187039,-3.0389314163712324,24.563523228218877
-0.7911900772670474,-3.0071832271063563,22.711719773154815
-1.376274888191865,-3.1197901469639486,21.062818498772806
-1.8631788022488924,-3.3983430724675943,19.595820842927647
-2.3189324670240468,-3.8605647087158217,18.308359816590766
-2.8049123460023093,-4.522977664257415,17.209778008503502
-3.3660958607914013,-5.414827344795655,16.327877181449303
-4.0472349665871485,-6.568026276240493,15.712092813575856
-4.892105174249088,-8.013194727509315,15.441908614579905
-5.933567260673335,-9.773593268082326,15.642395772716558
-7.1984495711153675,-11.805672769628714,16.482709090340315
-8.681492959658183,-13.970738187291701,18.160861199927883
-10.332118105622474,-15.946418324536644,20.901881303775863
-11.987926533469127,-17.213178606050455,24.679930394714788
-13.369833872738432,-17.106918875593568,29.138460541535746
-14.123529953636403,-15.264740026957988,33.36289206553923
-13.98486817215074,-11.919204390630068,36.34451866925967
-12.910221986190532,-7.955666283888188,37.42292025037896
-11.131530261599414,-4.447072708557226,36.70774925402073
-9.036125071744564,-1.9740541512012209,34.80105566899808
-6.994816656010309,-0.5797637106146856,32.40152710533063
-5.238676050950826,0.008489958571587866,29.948211477758928
-3.855962502968042,0.11884164337330469,27.633560036227543
-2.8412397430580896,-0.02180760158644289,25.502671632592822
-2.1431943344388884,-0.2724342092082874,23.551493404839437
-1.6966897437349073,-0.5638943103264848,21.76315397908908
-1.4452615499901738,-0.87124155136699,20.12193241975184
-1.3402154381682192,-1.198339795134502,18.61591660686746
-1.3518474002057825,-1.5616627804885332,17.23772675469842
-1.462971792995146,-1.9871980913337872,15.983967055819905
-1.667058684347686,-2.509146536570793,14.855997901718919
-1.971775391262967,-3.1663679742768114,13.861959424587962
-2.391734496944374,-4.008724293804255,13.021771454728084
-2.9532049584123423,-5.096259895929846,12.369897241542162
-3.691489147314069,-6.497479351489316,11.971644636311572
-4.651311869913778,-8.276413809405376,11.9380190374727
-5.881350521652467,-10.480023166940011,12.444023544323812
-7.428082342720208,-13.117176651660388,13.755021568590319
-9.28629132166029,-15.96188329722115,16.19953737969877
-11.376665812253028,-18.5206652306045,20.116292992522798
-13.449049008767656,-19.87140964785978,25.518741185089453
-15.05730870433313,-18.993646783243335,31.675415945807213
-15.659369264161429,-15.458377125654202,36.993278362048784
-14.917085558135968,-10.358166948961,39.861486673477586
-12.993033136367579,-5.055242569225504,39.89921411038138
-10.360043495559157,-1.089673624214698,37.812769422909184
-7.615053637118609,1.1786643300930573,34.86222544096582
-5.180138725726739,2.158139308093835,31.862590331613774
-3.2341782407589332,2.407181329418305,29.135769998984312
-1.777321819403411,2.336866734426137,26.725660611120183
-0.7308350709975884,2.187804989322773,24.591006127200476
0.00977426939831183,2.0825511095213867,22.679517739893882
0.5434869998073777,2.076752058249076,20.953285629056655
0.9541529428614973,2.1922987492985535,19.38879348970341
1.3055069813415927,2.441736551271866,17.973865411104555
1.6508784787964499,2.8365973638458275,16.704229327697917
2.0301415642204903,3.3989332101394973,15.585203895548158
2.484405728146139,4.157374887357569,14.632179933968406
3.0479511978617158,5.157783168998173,13.877628980400418
3.7632250225529686,6.449674835146784,13.379659751715131
4.675823323180761,8.086248464949632,13.233732731746695
5.827488086710023,10.115070788005799,13.592508091846982
7.254151237031935,12.49870880537041,14.680399478908642
8.958184226598794,15.07804818063304,16.771114361246525
10.878851394733271,17.43626057543598,20.174952702143916
12.807039149487522,18.856419732824218,24.883210248079166
14.371567095151022,18.43235504381022,30.387289278248964
15.098942623339365,15.72892247724517,35.36914335965384
14.673448671753318,11.229935734119687,38.49058407034065
13.113516148629394,6.372236220238331,39.086529738700506
10.802972169347818,2.472499181205672,37.612202249830304
8.279195294821104,0.024737196182561316,35.0404939824403
5.9562933805115685,-1.1605869405881635,32.21206624373344
4.045561160089436,-1.5562661009481067,29.535939496369004
2.5890103054199143,-1.5473173331957952,27.116828128891136
1.5362053850790838,-1.3875565138294088,24.945377223512725
0.8035227275197001,-1.212311611242357,22.98402063632332
0.29991081430801847,-1.0851186313218666,21.199012210726337
-0.04959579978015394,-1.0287681895840493,19.565618925858423
-0.3046162519305714,-1.049134276010307,18.06670854244434
-0.5091016163787392,-1.1478595370013596,16.69057923095971
-0.697537444033719,-1.327717747069797,15.428775192758259
-0.8953769200700585,-1.5985225519573723,14.276034100681688
-1.1267998394938639,-1.9764108223956836,13.230352818708878
-1.4134452579846553,-2.4889180361786662,12.294531603264321
-1.780925512158155,-3.1743620894328384,11.479345797812726
-2.2613311098165614,-4.083116845418613,10.807848467083778
-2.889725827261979,-5.286180391851342,10.32273824974737
-3.7151906008292483,-6.861330326051374,10.106163739720747
-4.794378694470486,-8.875158420152527,10.295966520949381
-6.19250822085311,-11.426897051186195,11.111488936745923
-7.950343037901213,-14.449710857305405,12.885795606855263
-10.065639325416063,-17.634586562004724,16.065987971551902
-12.407680126784804,-20.27033320187997,21.02387896088566
-14.621247217279368,-21.142050660594645,27.596267793922635
-16.109174191878704,-19.024405997740043,34.56469122869332
-16.237921496194858,-14.128809020372104,39.66945749917557
-14.831069456876643,-7.826283294560758,41.55114502009331
-12.229237044722352,-2.299356800967672,40.3077726286724
-9.12749687466128,1.237880688112363,37.300626708358116
-6.177029017208753,2.937786667855499,33.95578951528659
-3.722491236913927,3.4886105520712425,30.8832684495711
-1.842623976546025,3.520387979650333,28.231571515621688
-0.4687449371434824,3.3925969478888973,25.94962345695559
0.5187712781901008,3.301825274325192,23.959459394510432
1.2406997280987144,3.3383879697498138,22.203778519547992
1.8088707987134653,3.5406320233913933,20.648492768922555
2.3057416257312564,3.928599489833307,19.28306371679436
2.8021465822466114,4.517092666113386,18.111237616717265
3.3523329256703867,5.3279518617910515,17.15471877496871
4.001829413621228,6.389279051086741,16.456480995927357
4.797432261743375,7.724221533944375,16.08464660986109
5.771865700991322,9.355697429571844,16.148868063983276
6.951931851646782,11.251222941639398,16.79880888818712
8.33548749064406,13.299261771049327,18.197098942561
9.889373565957092,15.23212743501224,20.573836077867384
11.489208555370505,16.61357513238461,23.956607723007924
12.88809777324152,16.853149286202942,28.06045550038695
13.772278349320738,15.48965593999227,32.19373921876422
13.85310844964583,12.671455343842826,35.35085964545399
13.052301173716227,9.010618542277502,36.86149276164181
11.517483657430722,5.513309711108603,36.60505607592549
9.578020244420768,2.8654145815388237,35.035990605459034
7.598709260728456,1.2578388238959926,32.83723512499466
5.836093601750547,0.49796341913702413,30.466971207109804
4.414727632852447,0.2820042291920578,28.17631236957702
3.3507753251086907,0.37193660298486503,26.04356616109162
2.609270912969984,0.6156802639680796,24.08228084154174
2.1333570086836566,0.9318868165967664,22.282475081746192
1.8709271617091798,1.2874579868519138,20.63251800327963
1.7721457320972758,1.6845184561736544,19.123476427342208
1.8096108292914224,2.1390073978856847,17.751174658003606
1.9675104316586234,2.6796470330898,16.51685623780252
2.2392832970169847,3.3470219235024663,15.42904674141453
2.6365176645806074,4.185166968052881,14.506335812259648
3.177482052588278,5.248367500472054,13.785729370566633
3.891980224957074,6.596855400011853,13.328981418757879
4.81732362520558,8.298256589313677,13.23553055823855
5.992297398404457,10.37723844662338,13.670478759393783
7.449027613777687,12.797658157876315,14.86019590376005
9.187307708493128,15.381769989010287,17.11393469356388
11.122307076953716,17.6806622715307,20.67390672089833
13.027202251050278,18.927926489541328,25.52733252331029
14.509788634561282,18.2378510882353,31.02123132284091
15.115491843393846,15.239540745672612,35.876354666762005
14.538764388998908,10.588994978814913,38.69016938461247
12.858161792826186,5.876969234560589,39.04574460935555
10.506699794650093,2.1397777985144133,37.389451531229874
7.996074847384536,-0.1487907269031874,34.748498230418875
5.717619499800163,-1.2297626635809296,31.926070184924065
3.8591321445777527,-1.5654380041802782,29.275148247035396
2.452706477378152,-1.5321060691066628,26.88402603977859
1.4409297148477103,-1.3662758880083514,24.736054365419598
0.7375803874735285,-1.1952873356573812,22.794537133872844
0.25408308611031016,-1.0753185391001756,21.02615832060133
-0.08208358173514106,-1.0276123276597975,19.40724960570458
-0.3295654000288606,-1.0565875637025481,17.921392394785894
-0.5307367713204079,-1.164069524193373,16.55731351515818
-0.7188743342469703,-1.3534260461730296,15.306904916570943
-0.9194526185973605,-1.6348888681525275,14.165216187889044
-1.1557652376126366,-2.0260062805864445,13.130640458028862
-1.4495656076122276,-2.555713790921387,12.20687051822168
-1.8287498377870535,-3.2618459755844134,11.405603560074518
-2.322276356213678,-4.200365786686014,10.750713996221602
-2.969416001005729,-5.43983443470148,10.290871352206079
-3.8210449127563324,-7.0517015196973585,10.112276567108632
-4.934312036331034,-9.139301821667804,10.353364260711256
-6.3659604918345085,-11.745623431502501,11.2514844288646
-8.16302292041181,-14.78882262610806,13.162232814886018
-10.310885767814336,-17.953391160803154,16.527416795495697
-12.664491646604606,-20.46047598920097,21.69169654646375
-14.829987036004146,-21.06671872575961,28.385072907911365
-16.18705276170571,-18.65435470927583,35.20981783201059
-16.15215722108768,-13.364438186103506,40.06443541424064
-14.562218928999942,-6.996306496729062,41.5331907666951
-11.840797073996544,-1.7250372593644059,40.02606237922031
-8.728205957805544,1.5533413578552513,36.94211599189328
-5.826969812169139,3.0698473118087515,33.595508249003736
-3.440925549679744,3.543848588973256,30.57084513385347
-1.6248687209531678,3.54075940080532,27.966416987322233
-0.30194333755864333,3.410752242068982,25.72334641004452
0.6459761684996401,3.331881862043264,23.76430247934218
1.3473477797100706,3.389410661851479,22.034889763301326
1.9035723729801477,3.617294588836864,20.50610324770271
2.3992157877996907,4.033562678565634,19.167471558784506
2.903266776813044,4.653207298133344,18.02529183029923
3.465765755508441,5.500442377306664,17.105345056744508
4.138077180493458,6.598238288552146,16.451940446899624
4.9572066879383385,7.978456646360036,16.14163198411458
5.959661321078286,9.646852830816366,16.28745101619505
7.169392002204778,11.560557701583956,17.036165088788422
8.586993276295349,13.600911534710946,18.599756772241424
10.150264584506527,15.472602224818026,21.118964884691543
11.717586227124428,16.69472398113207,24.606752678465185
13.037154346638285,16.68594585412355,28.720677214237625
13.799410241910415,15.07814796310356,32.71676224214009
